Order_ID;Order_Date;User_ID;Total_Charges_USD
256;06.01.2009;3190;35,48
257;06.01.2009;253;57,51
258;06.01.2009;3194;7,37
259;06.01.2009;1558;62,74
262;11.01.2009;47;50,67
263;12.01.2009;550;87,63
265;13.01.2009;207;32,96
266;13.01.2009;3355;3,68
267;13.01.2009;891;131,98
268;13.01.2009;457;50,21
269;14.01.2009;1625;33,22
270;14.01.2009;277;127,47
271;14.01.2009;3385;47,56
273;15.01.2009;3394;13,64
274;15.01.2009;253;64,83
276;19.01.2009;112;17,76
277;20.01.2009;253;80,48
278;20.01.2009;47;26,60
279;20.01.2009;207;24,24
280;20.01.2009;899;12,29
281;24.01.2009;616;101,22
282;27.01.2009;891;105,73
283;27.01.2009;253;91,53
284;27.01.2009;1558;71,88
285;27.01.2009;182;291,64
286;28.01.2009;277;146,09
287;28.01.2009;225;16,99
288;28.01.2009;3616;8,06
290;29.01.2009;3640;31,84
292;29.01.2009;98;16,96
293;02.02.2009;253;54,86
294;03.02.2009;47;38,71
295;04.02.2009;253;50,12
296;04.02.2009;3733;15,01
297;04.02.2009;2583;21,37
299;05.02.2009;207;22,60
301;06.02.2009;47;53,38
302;06.02.2009;47;14,28
303;09.02.2009;550;89,33
304;09.02.2009;407;20,55
305;10.02.2009;891;136,07
306;10.02.2009;3767;73,87
307;10.02.2009;1588;18,32
308;10.02.2009;230;16,66
309;11.02.2009;253;76,89
310;11.02.2009;253;18,75
311;12.02.2009;3889;65,18
312;12.02.2009;207;55,40
313;12.02.2009;207;3,02
315;15.02.2009;277;89,30
316;16.02.2009;98;6,74
317;16.02.2009;4058;31,53
320;17.02.2009;3394;37,05
321;17.02.2009;47;29,50
322;17.02.2009;3181;18,35
324;18.02.2009;4152;189,37
325;18.02.2009;4160;43,52
326;19.02.2009;207;28,29
327;19.02.2009;207;2,65
328;19.02.2009;207;2,80
329;19.02.2009;464;12,60
330;20.02.2009;4244;20,04
331;21.02.2009;2930;69,84
332;22.02.2009;4270;50,10
333;23.02.2009;47;18,91
334;23.02.2009;550;177,63
335;25.02.2009;277;169,72
336;25.02.2009;891;117,51
338;26.02.2009;207;29,22
339;26.02.2009;207;28,34
340;01.03.2009;4152;171,15
341;01.03.2009;47;64,41
342;01.03.2009;1409;25,93
343;01.03.2009;4433;20,22
344;03.03.2009;98;3,68
347;04.03.2009;4244;24,88
348;05.03.2009;230;18,70
349;05.03.2009;457;39,44
351;08.03.2009;4152;160,44
352;09.03.2009;253;93,34
353;09.03.2009;47;18,03
354;09.03.2009;4244;13,40
356;09.03.2009;4622;49,36
357;10.03.2009;207;17,81
358;10.03.2009;2195;49,15
359;10.03.2009;891;134,00
360;10.03.2009;95;7,47
361;10.03.2009;4658;187,73
362;11.03.2009;277;104,45
364;15.03.2009;4851;24,53
366;15.03.2009;4862;104,58
367;16.03.2009;4658;45,05
368;16.03.2009;4903;7,14
369;17.03.2009;4244;27,19
370;17.03.2009;207;45,30
371;17.03.2009;1558;44,01
372;17.03.2009;616;93,29
373;17.03.2009;47;25,55
374;17.03.2009;2195;23,27
375;17.03.2009;98;4,09
376;17.03.2009;47;13,64
377;18.03.2009;98;3,59
378;18.03.2009;98;3,59
379;18.03.2009;3394;27,52
380;19.03.2009;4973;17,17
381;19.03.2009;253;88,84
382;19.03.2009;4976;10,60
383;19.03.2009;277;187,81
385;22.03.2009;202;101,83
386;24.03.2009;47;47,83
387;24.03.2009;253;83,93
388;24.03.2009;207;39,30
389;24.03.2009;4658;43,43
390;24.03.2009;4658;8,79
391;25.03.2009;4244;13,63
393;26.03.2009;253;21,29
394;26.03.2009;1558;37,78
395;29.03.2009;4152;72,22
396;30.03.2009;4658;67,13
397;31.03.2009;5378;12,93
398;31.03.2009;47;42,14
399;31.03.2009;253;72,70
401;01.04.2009;891;155,35
402;01.04.2009;5423;84,33
403;01.04.2009;98;2,03
404;02.04.2009;277;117,76
405;02.04.2009;253;47,92
406;02.04.2009;4622;28,76
407;02.04.2009;5441;38,75
408;02.04.2009;5449;20,89
409;06.04.2009;4152;137,08
410;07.04.2009;200;29,80
411;07.04.2009;253;115,56
413;07.04.2009;5449;25,06
414;07.04.2009;95;3,68
415;08.04.2009;5534;37,00
416;08.04.2009;202;206,32
417;09.04.2009;277;64,80
418;09.04.2009;5441;171,50
419;09.04.2009;253;32,34
420;09.04.2009;253;5,45
421;10.04.2009;98;3,59
422;10.04.2009;98;5,11
423;10.04.2009;5831;13,71
424;12.04.2009;4244;37,00
425;12.04.2009;4516;173,07
426;13.04.2009;5977;19,28
427;13.04.2009;6003;21,84
428;13.04.2009;6012;14,12
429;13.04.2009;6019;17,53
430;14.04.2009;207;14,42
431;14.04.2009;47;21,73
432;14.04.2009;891;67,66
433;14.04.2009;3385;41,90
434;14.04.2009;230;21,34
435;14.04.2009;253;67,21
436;14.04.2009;5449;63,11
437;15.04.2009;277;47,03
438;15.04.2009;3394;53,96
439;16.04.2009;253;16,96
440;16.04.2009;5441;72,92
441;16.04.2009;47;21,73
442;16.04.2009;3181;26,24
443;16.04.2009;6153;35,77
444;17.04.2009;5408;25,56
445;17.04.2009;6245;24,42
446;17.04.2009;5664;43,33
447;17.04.2009;4640;69,19
449;17.04.2009;6249;31,17
450;17.04.2009;6249;19,52
451;17.04.2009;5708;44,60
452;17.04.2009;5805;42,91
453;17.04.2009;5983;30,19
454;17.04.2009;6251;33,15
455;17.04.2009;6261;6,43
456;17.04.2009;4640;90,18
457;20.04.2009;616;191,62
458;20.04.2009;277;94,87
460;21.04.2009;4658;70,47
461;21.04.2009;5441;17,02
462;21.04.2009;5441;18,21
463;21.04.2009;5449;42,49
464;22.04.2009;4152;282,35
465;22.04.2009;6578;3,43
466;23.04.2009;207;28,17
467;23.04.2009;47;17,97
468;23.04.2009;253;85,90
469;23.04.2009;5534;15,12
470;23.04.2009;6646;10,60
471;23.04.2009;5441;72,41
472;23.04.2009;3181;14,37
473;23.04.2009;4622;12,53
474;23.04.2009;6696;16,49
475;23.04.2009;5664;43,06
476;23.04.2009;6821;24,78
478;23.04.2009;5686;57,22
479;24.04.2009;5708;47,14
480;24.04.2009;6901;49,75
481;24.04.2009;6447;24,17
483;24.04.2009;6946;9,50
484;24.04.2009;6664;50,89
485;24.04.2009;5408;43,90
486;24.04.2009;5657;61,17
487;24.04.2009;4640;53,24
488;24.04.2009;6097;34,53
489;24.04.2009;6948;14,10
490;25.04.2009;3889;230,17
491;27.04.2009;8843;21,45
492;27.04.2009;891;145,37
493;28.04.2009;47;28,85
494;28.04.2009;47;7,15
495;28.04.2009;5441;38,36
496;29.04.2009;4152;143,98
497;29.04.2009;4244;31,10
498;29.04.2009;4516;52,78
499;30.04.2009;253;102,09
500;30.04.2009;6901;60,26
502;30.04.2009;4152;45,15
503;30.04.2009;5441;62,03
504;30.04.2009;202;142,04
505;30.04.2009;5441;11,10
506;30.04.2009;5638;104,29
507;30.04.2009;10855;136,80
508;30.04.2009;10859;44,81
509;30.04.2009;10858;20,82
510;01.05.2009;6602;21,03
511;01.05.2009;6821;24,62
512;01.05.2009;6447;46,78
513;01.05.2009;9840;30,23
514;01.05.2009;6249;8,87
515;01.05.2009;6249;29,29
516;01.05.2009;10876;40,85
517;01.05.2009;47;57,75
518;01.05.2009;10901;31,75
519;01.05.2009;5408;38,67
520;01.05.2009;5654;11,50
521;01.05.2009;4640;17,13
522;01.05.2009;5894;24,63
524;04.05.2009;12173;55,56
525;04.05.2009;47;40,98
526;05.05.2009;202;111,41
527;05.05.2009;98;3,59
528;05.05.2009;253;53,73
530;06.05.2009;13043;23,39
532;07.05.2009;5449;64,19
533;07.05.2009;253;78,98
534;07.05.2009;5656;20,55
535;07.05.2009;13202;28,90
536;07.05.2009;5441;77,96
537;07.05.2009;13232;9,85
538;07.05.2009;6384;27,41
539;07.05.2009;10859;61,30
540;07.05.2009;13284;39,88
541;07.05.2009;3190;15,05
542;07.05.2009;3190;2,99
543;07.05.2009;13278;15,14
544;08.05.2009;6602;80,80
545;08.05.2009;1625;48,49
546;08.05.2009;6447;13,39
547;08.05.2009;10901;19,15
549;08.05.2009;6821;25,01
550;08.05.2009;6384;19,50
551;08.05.2009;13301;25,23
552;08.05.2009;13304;17,85
553;08.05.2009;4622;27,36
554;08.05.2009;4640;18,37
555;08.05.2009;6901;14,04
556;08.05.2009;5682;83,79
557;08.05.2009;5708;33,64
558;08.05.2009;13229;20,79
559;08.05.2009;5408;36,76
560;10.05.2009;1023;28,82
561;12.05.2009;202;96,14
562;12.05.2009;6069;7,41
563;12.05.2009;253;81,41
564;12.05.2009;5441;21,75
565;12.05.2009;277;181,30
566;12.05.2009;13341;46,68
567;12.05.2009;47;14,93
568;14.05.2009;4622;56,53
569;14.05.2009;207;38,95
570;14.05.2009;14027;38,45
571;14.05.2009;4244;20,03
572;14.05.2009;5831;9,75
573;14.05.2009;4622;9,80
574;14.05.2009;14057;8,09
575;14.05.2009;47;14,32
577;14.05.2009;5441;69,18
578;14.05.2009;200;6,26
579;14.05.2009;13284;48,72
580;14.05.2009;6249;3,07
581;14.05.2009;6249;13,16
582;15.05.2009;14056;35,31
583;15.05.2009;6447;37,14
584;15.05.2009;4622;81,07
585;15.05.2009;4640;42,88
586;15.05.2009;6602;29,38
587;15.05.2009;14246;53,28
588;15.05.2009;5408;48,50
589;15.05.2009;1023;26,37
590;17.05.2009;14600;21,89
591;18.05.2009;14635;93,36
592;18.05.2009;891;117,51
593;18.05.2009;14842;40,59
594;19.05.2009;807;89,56
595;19.05.2009;14913;53,43
596;19.05.2009;14924;16,12
597;19.05.2009;4622;43,01
598;19.05.2009;47;40,76
599;19.05.2009;13043;44,76
600;19.05.2009;1558;46,98
601;19.05.2009;4658;49,28
602;19.05.2009;1409;27,01
603;19.05.2009;180;66,21
604;19.05.2009;6224;20,66
605;20.05.2009;6821;23,70
606;20.05.2009;253;40,97
607;20.05.2009;202;162,41
608;20.05.2009;15889;65,63
609;20.05.2009;14600;72,72
610;21.05.2009;6447;37,11
611;21.05.2009;15914;50,87
612;21.05.2009;207;31,77
613;21.05.2009;253;59,61
614;21.05.2009;277;118,76
615;21.05.2009;5441;74,34
616;21.05.2009;5441;7,85
617;21.05.2009;6401;74,89
618;21.05.2009;15987;7,32
619;21.05.2009;1023;46,00
620;22.05.2009;6602;24,29
621;22.05.2009;13301;26,87
622;22.05.2009;4577;51,19
623;22.05.2009;14246;63,92
624;22.05.2009;1625;36,40
625;22.05.2009;16173;64,05
626;22.05.2009;5708;28,92
627;22.05.2009;15529;55,68
628;22.05.2009;5408;29,92
629;22.05.2009;4622;59,43
630;22.05.2009;4640;36,13
631;22.05.2009;4516;41,41
632;24.05.2009;16614;3,21
633;25.05.2009;16314;44,25
634;25.05.2009;17040;29,12
635;26.05.2009;47;83,41
636;26.05.2009;253;104,19
637;26.05.2009;4622;58,25
638;26.05.2009;14600;72,72
639;26.05.2009;5449;49,28
640;27.05.2009;17416;44,00
641;27.05.2009;2195;53,77
642;27.05.2009;6408;41,66
643;27.05.2009;202;144,73
644;27.05.2009;17533;61,02
645;27.05.2009;4244;33,33
646;27.05.2009;6379;49,27
647;27.05.2009;5441;79,18
648;27.05.2009;13278;27,65
649;28.05.2009;207;34,24
650;28.05.2009;891;127,47
651;28.05.2009;4622;52,04
652;28.05.2009;13290;11,29
653;28.05.2009;6225;21,69
654;28.05.2009;6384;59,40
655;29.05.2009;17928;25,96
656;29.05.2009;6821;20,03
657;29.05.2009;6069;17,31
658;29.05.2009;4658;75,97
659;29.05.2009;4577;39,00
660;29.05.2009;14246;59,71
661;31.05.2009;550;101,09
662;01.06.2009;2195;47,58
663;01.06.2009;4577;43,43
664;01.06.2009;47;47,39
666;02.06.2009;15893;11,49
667;02.06.2009;14600;79,60
668;02.06.2009;4622;55,71
669;02.06.2009;13043;30,57
670;02.06.2009;3889;113,42
671;03.06.2009;19271;81,34
672;03.06.2009;5441;57,26
673;03.06.2009;202;81,82
674;03.06.2009;19347;47,82
675;03.06.2009;19579;41,72
676;04.06.2009;207;41,12
677;04.06.2009;5449;54,86
678;04.06.2009;4152;175,24
679;04.06.2009;14600;79,60
680;04.06.2009;253;91,58
681;04.06.2009;253;13,27
682;04.06.2009;13284;63,87
683;04.06.2009;19768;27,30
684;04.06.2009;6821;22,23
685;05.06.2009;19891;9,53
686;05.06.2009;6447;39,14
687;05.06.2009;6384;16,39
688;05.06.2009;47;16,76
689;05.06.2009;6384;2,85
691;06.06.2009;20515;16,90
692;08.06.2009;20805;38,96
693;08.06.2009;5441;41,02
694;09.06.2009;4622;68,54
695;09.06.2009;277;177,12
696;09.06.2009;253;25,33
697;09.06.2009;4640;43,24
698;09.06.2009;5564;23,08
699;09.06.2009;20994;7,36
700;10.06.2009;19892;16,55
701;10.06.2009;21194;27,29
702;10.06.2009;6224;12,99
703;10.06.2009;891;66,28
704;11.06.2009;21254;48,78
705;11.06.2009;21275;39,98
706;11.06.2009;4622;70,22
707;11.06.2009;207;22,67
709;11.06.2009;2583;25,19
710;11.06.2009;807;32,70
711;11.06.2009;21385;63,73
712;11.06.2009;13284;37,50
713;11.06.2009;6821;27,55
714;12.06.2009;4577;60,17
715;12.06.2009;14056;48,23
716;12.06.2009;6602;35,81
717;12.06.2009;6249;7,36
718;12.06.2009;6249;6,03
719;12.06.2009;6249;20,10
720;12.06.2009;47;26,71
721;12.06.2009;14600;79,60
722;12.06.2009;21750;6,09
723;14.06.2009;21943;41,65
724;15.06.2009;21267;21,38
725;15.06.2009;4622;59,48
726;15.06.2009;3394;34,52
727;15.06.2009;22186;18,03
728;15.06.2009;5441;65,02
729;15.06.2009;891;66,08
730;16.06.2009;4622;20,65
731;16.06.2009;4642;30,22
732;16.06.2009;47;18,66
733;16.06.2009;207;46,38
734;16.06.2009;5638;190,03
735;16.06.2009;5449;44,09
736;16.06.2009;253;141,65
737;16.06.2009;20805;23,51
738;16.06.2009;14600;79,60
739;16.06.2009;3889;187,54
740;17.06.2009;22494;89,87
741;17.06.2009;3194;20,62
742;17.06.2009;22682;38,36
743;17.06.2009;22684;7,05
744;17.06.2009;4622;3,14
745;17.06.2009;22705;30,90
747;17.06.2009;22722;17,07
748;17.06.2009;5657;57,91
749;17.06.2009;19892;76,79
750;17.06.2009;21254;56,49
751;17.06.2009;14246;14,07
752;17.06.2009;14246;3,37
753;17.06.2009;14246;4,29
754;17.06.2009;22418;34,78
755;17.06.2009;22761;38,50
756;18.06.2009;22745;198,90
757;18.06.2009;2583;15,41
758;18.06.2009;277;120,61
759;18.06.2009;6447;33,80
760;18.06.2009;21275;28,63
761;19.06.2009;14246;56,17
762;19.06.2009;253;38,99
763;19.06.2009;6901;26,53
764;19.06.2009;4640;65,11
765;19.06.2009;14600;79,60
766;21.06.2009;23323;41,27
767;22.06.2009;5441;58,46
768;22.06.2009;14635;66,87
769;22.06.2009;550;94,34
770;22.06.2009;891;54,13
771;23.06.2009;4622;80,73
772;23.06.2009;4622;13,84
773;23.06.2009;15529;70,71
774;23.06.2009;4658;68,48
775;23.06.2009;47;46,65
776;23.06.2009;4244;31,45
777;23.06.2009;13284;45,94
778;24.06.2009;20805;50,98
779;24.06.2009;21194;21,59
780;25.06.2009;2583;31,34
781;25.06.2009;19892;14,86
782;25.06.2009;22717;18,73
783;25.06.2009;207;14,66
784;25.06.2009;26788;45,22
785;25.06.2009;253;105,84
786;25.06.2009;6003;16,54
787;26.06.2009;13301;33,25
788;26.06.2009;6821;19,02
789;26.06.2009;6447;35,96
790;26.06.2009;4640;60,64
791;26.06.2009;253;36,05
792;26.06.2009;6249;8,26
793;26.06.2009;6249;19,55
794;26.06.2009;6249;5,30
795;28.06.2009;23323;55,08
796;29.06.2009;4152;101,05
797;29.06.2009;5441;60,37
798;29.06.2009;14600;69,65
799;29.06.2009;202;208,52
800;29.06.2009;21267;22,39
801;29.06.2009;4622;124,00
802;30.06.2009;207;9,25
803;30.06.2009;3889;77,88
804;30.06.2009;3194;8,18
805;30.06.2009;29284;14,05
806;01.07.2009;22717;13,53
807;01.07.2009;20805;46,05
808;01.07.2009;6225;11,87
809;01.07.2009;5534;37,71
810;01.07.2009;29816;9,76
811;01.07.2009;29855;23,72
812;01.07.2009;22722;22,95
813;01.07.2009;14246;80,79
814;01.07.2009;29878;20,44
815;01.07.2009;21254;33,03
816;02.07.2009;22446;87,78
817;02.07.2009;30131;23,32
818;02.07.2009;4622;46,50
819;02.07.2009;22745;129,56
820;02.07.2009;277;137,01
821;02.07.2009;27169;10,78
822;02.07.2009;13278;15,06
823;02.07.2009;26788;12,57
824;02.07.2009;29284;8,48
825;02.07.2009;2583;21,86
826;02.07.2009;253;68,47
827;02.07.2009;15914;45,36
828;02.07.2009;47;20,27
829;02.07.2009;30222;11,35
830;02.07.2009;4640;36,53
831;02.07.2009;30225;4,96
833;03.07.2009;30554;38,99
834;05.07.2009;31971;10,08
835;05.07.2009;31492;40,80
836;06.07.2009;32014;28,35
837;06.07.2009;21267;9,63
838;06.07.2009;47;44,88
839;06.07.2009;22722;31,11
840;06.07.2009;5441;82,99
841;07.07.2009;4622;67,14
842;07.07.2009;4622;5,73
843;07.07.2009;4244;18,39
844;07.07.2009;253;167,73
845;07.07.2009;5805;18,20
846;08.07.2009;5534;13,91
847;08.07.2009;21385;67,03
848;08.07.2009;47;17,61
849;08.07.2009;33104;35,31
850;08.07.2009;6225;6,53
851;08.07.2009;20805;28,18
852;09.07.2009;33227;12,55
853;09.07.2009;3889;89,90
854;09.07.2009;14635;75,20
855;09.07.2009;33309;96,53
856;09.07.2009;13304;30,29
857;09.07.2009;33428;16,82
858;09.07.2009;33468;57,03
859;09.07.2009;14246;64,38
860;09.07.2009;6821;24,61
861;09.07.2009;23323;55,42
862;09.07.2009;33534;108,06
863;09.07.2009;10938;68,60
864;10.07.2009;33561;28,19
865;10.07.2009;33581;60,99
866;10.07.2009;33590;54,82
867;10.07.2009;31971;6,84
868;10.07.2009;33600;22,63
869;10.07.2009;6447;22,75
870;10.07.2009;6249;4,27
871;10.07.2009;6249;21,27
872;10.07.2009;28318;117,55
873;10.07.2009;4640;40,60
875;12.07.2009;35068;11,46
876;12.07.2009;34042;70,33
877;13.07.2009;35051;46,65
878;13.07.2009;47;23,15
879;13.07.2009;5638;123,25
880;13.07.2009;36090;27,13
881;13.07.2009;4152;103,62
882;13.07.2009;36175;12,88
883;13.07.2009;23334;21,97
884;13.07.2009;200;2,24
885;13.07.2009;277;179,49
886;13.07.2009;13043;31,27
887;13.07.2009;27428;54,12
888;13.07.2009;5441;118,21
889;14.07.2009;891;47,88
890;14.07.2009;807;41,79
891;14.07.2009;36350;20,06
892;14.07.2009;4244;23,47
893;14.07.2009;36360;51,73
894;14.07.2009;22722;30,16
895;14.07.2009;36090;2,56
896;14.07.2009;253;243,92
897;14.07.2009;33104;18,29
898;15.07.2009;6097;19,61
899;15.07.2009;18943;8,01
900;15.07.2009;5657;72,87
901;15.07.2009;33104;7,00
902;15.07.2009;20805;47,21
903;15.07.2009;31971;31,53
904;16.07.2009;22717;17,04
905;16.07.2009;22745;89,29
906;16.07.2009;33590;43,36
907;16.07.2009;22494;21,00
908;16.07.2009;3889;91,38
909;16.07.2009;22684;17,46
910;16.07.2009;21275;85,72
911;17.07.2009;31492;47,07
912;17.07.2009;6447;37,12
913;17.07.2009;4516;16,73
914;18.07.2009;36662;53,77
915;18.07.2009;38520;16,58
916;19.07.2009;47;71,09
917;19.07.2009;4152;104,45
918;19.07.2009;38721;99,17
919;20.07.2009;37855;66,15
920;20.07.2009;22186;23,92
921;20.07.2009;33434;15,12
922;20.07.2009;38909;31,65
923;20.07.2009;35051;50,49
924;20.07.2009;891;44,42
925;21.07.2009;14027;38,81
926;21.07.2009;5441;56,83
927;21.07.2009;457;50,67
928;21.07.2009;4244;13,04
929;21.07.2009;4622;41,88
930;21.07.2009;253;67,33
931;21.07.2009;36090;62,68
932;21.07.2009;3640;44,27
933;22.07.2009;38740;25,91
934;23.07.2009;26788;33,40
935;23.07.2009;13301;23,66
936;23.07.2009;207;29,41
937;23.07.2009;2583;17,14
938;23.07.2009;14600;69,19
939;23.07.2009;253;78,30
940;23.07.2009;5564;23,55
941;23.07.2009;21275;63,70
942;23.07.2009;13278;18,19
943;24.07.2009;28318;85,13
944;24.07.2009;13301;9,78
945;24.07.2009;33600;43,99
946;24.07.2009;6447;31,29
947;24.07.2009;47;50,66
948;25.07.2009;40100;81,66
949;26.07.2009;35051;26,54
950;26.07.2009;22722;20,28
951;27.07.2009;41246;86,87
952;27.07.2009;22722;24,86
953;27.07.2009;39693;27,09
954;27.07.2009;4244;24,57
958;27.07.2009;207;30,60
959;28.07.2009;38520;24,79
960;28.07.2009;5441;81,01
961;28.07.2009;22684;37,32
962;28.07.2009;22684;5,12
963;28.07.2009;22684;5,12
964;28.07.2009;42270;40,62
965;28.07.2009;5977;26,53
966;29.07.2009;42704;10,05
967;29.07.2009;277;100,05
968;29.07.2009;42890;19,79
969;29.07.2009;31971;27,50
970;29.07.2009;42964;12,94
971;29.07.2009;5657;68,96
972;29.07.2009;3889;159,28
973;29.07.2009;43350;27,35
974;29.07.2009;13278;21,30
975;30.07.2009;26788;20,51
976;30.07.2009;30131;17,68
977;30.07.2009;6225;14,52
978;30.07.2009;47;69,11
979;30.07.2009;47;41,00
980;30.07.2009;21275;52,23
981;30.07.2009;31492;34,27
982;30.07.2009;5564;20,94
983;30.07.2009;21385;69,53
984;30.07.2009;33534;120,96
985;31.07.2009;27428;29,61
986;31.07.2009;38740;55,08
987;31.07.2009;33600;22,09
988;31.07.2009;30554;29,48
989;31.07.2009;1625;50,07
990;31.07.2009;6821;29,64
991;31.07.2009;253;73,45
992;31.07.2009;10876;50,22
993;31.07.2009;43937;82,35
994;01.08.2009;44291;2,93
995;02.08.2009;200;13,67
996;03.08.2009;20805;66,13
997;03.08.2009;40432;26,69
998;03.08.2009;43317;114,19
999;03.08.2009;15529;121,63
1000;04.08.2009;40432;7,67
1001;04.08.2009;4622;34,25
1002;04.08.2009;5441;91,77
1003;04.08.2009;27428;34,82
1004;04.08.2009;253;112,51
1005;04.08.2009;31971;16,02
1006;04.08.2009;42270;34,22
1007;04.08.2009;22722;20,98
1008;05.08.2009;33434;2,94
1009;05.08.2009;43350;37,46
1010;05.08.2009;6224;41,65
1011;05.08.2009;36090;48,23
1012;05.08.2009;22761;40,70
1013;06.08.2009;42890;42,58
1014;06.08.2009;29284;43,84
1015;06.08.2009;41246;91,54
1016;06.08.2009;6901;63,10
1017;06.08.2009;14027;51,12
1018;06.08.2009;13278;21,68
1019;06.08.2009;46297;61,84
1020;06.08.2009;45949;87,79
1021;07.08.2009;14887;27,97
1022;07.08.2009;38740;24,82
1023;07.08.2009;28318;137,41
1024;07.08.2009;45389;83,31
1025;07.08.2009;46321;20,33
1026;07.08.2009;4577;51,02
1027;07.08.2009;46370;39,87
1028;07.08.2009;46548;91,68
1030;09.08.2009;33428;2,10
1031;10.08.2009;39588;105,40
1032;10.08.2009;46256;45,39
1033;10.08.2009;47;51,42
1034;10.08.2009;47;14,76
1035;10.08.2009;22186;25,35
1036;10.08.2009;38857;52,99
1037;10.08.2009;47;15,64
1038;10.08.2009;40432;12,18
1039;11.08.2009;35051;29,67
1040;11.08.2009;38857;11,92
1041;11.08.2009;202;142,86
1042;11.08.2009;4244;27,63
1043;11.08.2009;207;83,24
1044;11.08.2009;253;275,94
1045;11.08.2009;45949;105,54
1046;12.08.2009;48039;16,54
1047;12.08.2009;31492;51,85
1048;12.08.2009;31492;55,84
1049;12.08.2009;42270;45,90
1050;12.08.2009;3889;68,50
1051;13.08.2009;34042;82,99
1052;13.08.2009;23323;61,07
1053;13.08.2009;22684;33,37
1054;13.08.2009;31971;20,60
1055;13.08.2009;41246;119,49
1056;13.08.2009;33600;24,54
1057;14.08.2009;49086;41,68
1058;14.08.2009;38740;14,16
1059;14.08.2009;4622;48,58
1060;16.08.2009;39693;27,60
1061;17.08.2009;277;269,13
1062;17.08.2009;46256;28,95
1063;17.08.2009;50406;112,41
1064;17.08.2009;21243;56,77
1065;17.08.2009;253;93,54
1066;17.08.2009;38857;53,42
1067;18.08.2009;1701;57,33
1068;18.08.2009;4622;54,86
1069;18.08.2009;5441;25,37
1070;18.08.2009;5441;15,54
1071;18.08.2009;37855;49,77
1072;18.08.2009;253;8,55
1073;18.08.2009;50065;75,91
1074;18.08.2009;207;57,41
1075;18.08.2009;47;12,96
1076;18.08.2009;40432;22,72
1077;19.08.2009;40432;13,13
1078;19.08.2009;14027;49,03
1079;19.08.2009;45949;138,82
1080;19.08.2009;3385;51,56
1081;19.08.2009;38721;70,39
1082;19.08.2009;27585;21,56
1083;19.08.2009;5657;64,06
1084;19.08.2009;47415;22,18
1085;20.08.2009;202;230,71
1086;20.08.2009;39588;133,76
1087;20.08.2009;36695;35,04
1088;20.08.2009;48039;21,52
1089;20.08.2009;2583;35,86
1091;20.08.2009;6447;56,47
1092;20.08.2009;6821;34,21
1093;20.08.2009;42270;39,15
1094;21.08.2009;33590;56,36
1095;21.08.2009;41246;82,04
1096;21.08.2009;23323;70,96
1097;21.08.2009;38740;11,51
1098;21.08.2009;34042;61,90
1099;21.08.2009;1625;27,39
1100;21.08.2009;28318;86,15
1101;23.08.2009;51374;34,20
1102;23.08.2009;53025;28,40
1103;23.08.2009;4152;70,27
1104;24.08.2009;19271;51,75
1105;24.08.2009;53420;19,39
1106;24.08.2009;40100;51,28
1107;25.08.2009;4622;109,14
1108;25.08.2009;4622;86,13
1109;25.08.2009;46256;33,98
1110;25.08.2009;37855;63,21
1111;25.08.2009;47;50,29
1112;25.08.2009;47;4,09
1113;25.08.2009;3394;28,36
1114;25.08.2009;5441;29,24
1115;25.08.2009;38857;27,04
1116;25.08.2009;53420;26,78
1117;25.08.2009;207;75,63
1118;25.08.2009;4244;11,12
1119;25.08.2009;47;3,08
1120;25.08.2009;38909;38,01
1121;25.08.2009;253;117,28
1122;25.08.2009;54175;56,78
1123;25.08.2009;20805;44,39
1124;26.08.2009;54175;19,15
1125;26.08.2009;22722;13,07
1126;26.08.2009;39693;42,10
1127;26.08.2009;27585;21,04
1128;26.08.2009;54885;29,00
1129;26.08.2009;45949;100,31
1130;26.08.2009;54930;21,14
1131;26.08.2009;6224;45,02
1132;27.08.2009;30131;27,26
1133;27.08.2009;26788;16,80
1134;27.08.2009;43350;25,06
1135;27.08.2009;3889;100,80
1136;27.08.2009;29605;31,09
1137;27.08.2009;42890;39,43
1138;27.08.2009;42270;62,73
1140;27.08.2009;22684;25,48
1141;27.08.2009;50406;109,84
1142;27.08.2009;56227;29,36
1143;27.08.2009;31971;18,06
1144;27.08.2009;39588;144,28
1145;27.08.2009;23323;174,33
1146;28.08.2009;14887;67,58
1147;28.08.2009;6447;58,71
1148;28.08.2009;4622;259,34
1149;28.08.2009;4622;44,93
1150;28.08.2009;30554;18,79
1151;28.08.2009;41246;70,37
1152;28.08.2009;47;66,25
1153;28.08.2009;6901;21,87
1154;28.08.2009;47;7,56
1155;31.08.2009;59066;57,21
1156;01.09.2009;4622;98,28
1157;01.09.2009;46256;30,27
1158;01.09.2009;202;164,30
1159;01.09.2009;58238;24,95
1160;01.09.2009;38857;34,91
1161;01.09.2009;14635;83,31
1162;01.09.2009;37855;50,10
1163;01.09.2009;253;133,15
1164;01.09.2009;253;15,10
1165;01.09.2009;59561;45,74
1166;01.09.2009;54175;64,07
1168;02.09.2009;47;70,13
1169;02.09.2009;277;234,59
1170;02.09.2009;45949;58,60
1171;02.09.2009;17928;16,22
1172;02.09.2009;38721;89,84
1173;03.09.2009;42890;14,41
1174;03.09.2009;207;82,71
1175;03.09.2009;26788;18,45
1176;03.09.2009;22745;247,91
1177;03.09.2009;2583;34,83
1179;03.09.2009;47;12,27
1180;03.09.2009;43350;24,51
1181;03.09.2009;42270;76,77
1182;03.09.2009;4622;85,74
1183;03.09.2009;61089;92,28
1184;03.09.2009;38740;48,10
1185;03.09.2009;39588;144,29
1186;03.09.2009;4622;63,91
1187;04.09.2009;23323;51,32
1188;04.09.2009;4622;75,15
1189;04.09.2009;41246;63,59
1190;04.09.2009;6249;11,74
1191;04.09.2009;6249;4,67
1192;04.09.2009;6249;12,26
1193;04.09.2009;6249;4,08
1194;04.09.2009;6901;27,73
1195;04.09.2009;4640;66,94
1196;06.09.2009;39693;38,09
1197;07.09.2009;47;106,89
1198;07.09.2009;51374;37,67
1199;07.09.2009;22186;31,36
1200;07.09.2009;3640;59,91
1201;07.09.2009;4244;30,29
1202;07.09.2009;4516;73,35
1203;07.09.2009;54175;91,98
1204;08.09.2009;891;114,02
1205;08.09.2009;202;243,93
1206;08.09.2009;46256;39,08
1207;08.09.2009;14635;54,92
1208;08.09.2009;37855;52,26
1209;08.09.2009;4622;88,34
1210;08.09.2009;3889;60,29
1211;08.09.2009;253;77,84
1212;08.09.2009;61628;35,42
1213;08.09.2009;50451;32,92
1214;09.09.2009;1701;50,49
1215;09.09.2009;50451;6,95
1216;09.09.2009;28318;96,23
1217;09.09.2009;65466;9,48
1218;10.09.2009;26788;34,62
1219;10.09.2009;22745;122,64
1220;10.09.2009;31492;45,98
1221;10.09.2009;45949;110,60
1222;10.09.2009;2583;59,49
1223;10.09.2009;42270;66,30
1224;10.09.2009;38721;27,89
1225;11.09.2009;23323;76,32
1226;11.09.2009;38857;55,56
1227;11.09.2009;38740;11,71
1228;11.09.2009;14887;58,78
1229;11.09.2009;1023;36,99
1230;11.09.2009;46321;36,49
1231;11.09.2009;34042;85,02
1232;11.09.2009;65502;36,15
1233;11.09.2009;41246;80,30
1234;11.09.2009;39588;135,31
1235;11.09.2009;66768;53,46
1236;11.09.2009;46297;38,95
1237;11.09.2009;46297;1,54
1238;11.09.2009;66777;34,63
1239;11.09.2009;4640;34,48
1240;11.09.2009;67453;4,61
1241;14.09.2009;68962;35,57
1242;15.09.2009;38857;31,35
1243;15.09.2009;66479;115,56
1244;15.09.2009;58238;15,63
1245;15.09.2009;207;60,77
1246;15.09.2009;4622;84,80
1248;15.09.2009;14635;109,47
1249;15.09.2009;253;120,71
1250;15.09.2009;3640;43,96
1251;16.09.2009;42890;31,02
1252;16.09.2009;30131;17,86
1253;16.09.2009;45949;96,86
1254;17.09.2009;26788;30,75
1255;17.09.2009;43350;66,73
1256;17.09.2009;43350;7,01
1257;17.09.2009;22745;94,80
1258;17.09.2009;3889;139,45
1259;17.09.2009;6447;47,11
1260;17.09.2009;70857;25,54
1261;17.09.2009;2583;21,72
1262;17.09.2009;47;92,51
1263;17.09.2009;23323;51,24
1264;17.09.2009;4152;48,29
1265;17.09.2009;42270;90,07
1266;17.09.2009;71130;25,14
1267;17.09.2009;39588;141,49
1268;18.09.2009;46321;38,05
1269;18.09.2009;4622;79,15
1270;18.09.2009;65502;20,68
1271;18.09.2009;6901;29,08
1273;19.09.2009;4152;6,03
1274;20.09.2009;73087;4,40
1275;20.09.2009;22722;16,76
1276;21.09.2009;180;46,05
1277;21.09.2009;4270;21,05
1278;21.09.2009;50406;145,85
1279;21.09.2009;47;40,13
1280;22.09.2009;207;55,27
1281;22.09.2009;14635;68,64
1282;22.09.2009;61628;46,92
1283;22.09.2009;51374;33,46
1284;22.09.2009;51374;12,60
1285;22.09.2009;4622;151,36
1286;22.09.2009;46256;29,20
1287;22.09.2009;4622;43,15
1288;22.09.2009;38857;38,05
1289;22.09.2009;277;136,58
1290;22.09.2009;37855;28,84
1291;22.09.2009;4640;61,88
1292;22.09.2009;5441;21,01
1293;22.09.2009;20805;80,03
1294;22.09.2009;20805;66,58
1295;23.09.2009;253;183,56
1296;23.09.2009;18943;8,01
1297;23.09.2009;75134;47,55
1298;23.09.2009;70788;25,91
1299;23.09.2009;75240;5,92
1300;24.09.2009;3640;43,65
1301;24.09.2009;30131;19,50
1302;24.09.2009;43350;34,12
1303;24.09.2009;1625;35,56
1304;24.09.2009;45949;120,86
1305;24.09.2009;2583;15,76
1306;24.09.2009;253;12,89
1307;24.09.2009;1701;91,76
1308;24.09.2009;75603;60,83
1309;24.09.2009;75600;64,35
1310;24.09.2009;75629;37,76
1311;24.09.2009;71130;18,70
1312;24.09.2009;38740;10,17
1313;24.09.2009;75739;72,74
1314;25.09.2009;41246;53,74
1315;25.09.2009;4622;28,37
1316;25.09.2009;75730;70,84
1317;25.09.2009;50451;25,09
1318;25.09.2009;4640;16,92
1319;25.09.2009;76463;2,76
1320;27.09.2009;77207;30,62
1321;27.09.2009;77555;42,21
1322;28.09.2009;74435;78,41
1323;28.09.2009;78451;23,30
1324;28.09.2009;38857;64,36
1325;29.09.2009;4622;49,99
1326;29.09.2009;253;64,67
1327;29.09.2009;66363;38,36
1328;29.09.2009;77026;117,88
1329;29.09.2009;37855;74,69
1330;29.09.2009;46256;36,96
1331;29.09.2009;277;105,68
1332;29.09.2009;4244;31,21
1333;29.09.2009;47;61,74
1334;29.09.2009;79512;48,69
1335;30.09.2009;79570;73,19
1336;30.09.2009;1844;53,14
1337;30.09.2009;5657;120,13
1338;30.09.2009;15986;17,88
1339;30.09.2009;3889;99,10
1340;30.09.2009;75600;91,64
1341;30.09.2009;80006;97,87
1342;30.09.2009;72429;23,01
1343;30.09.2009;75649;118,38
1345;01.10.2009;39241;5,67
1346;01.10.2009;2583;34,94
1347;01.10.2009;66479;54,71
1348;01.10.2009;42270;109,91
1349;01.10.2009;1023;76,52
1350;01.10.2009;59066;54,21
1352;01.10.2009;75739;49,35
1353;01.10.2009;6224;17,66
1354;02.10.2009;4577;91,59
1355;02.10.2009;17928;24,78
1356;02.10.2009;61628;59,01
1357;02.10.2009;6821;28,36
1358;02.10.2009;65502;55,47
1359;02.10.2009;41246;58,90
1360;02.10.2009;81629;25,80
1361;03.10.2009;81013;78,37
1362;05.10.2009;78451;84,84
1363;05.10.2009;47;51,78
1364;05.10.2009;74435;59,94
1365;05.10.2009;38857;23,83
1366;06.10.2009;4622;78,24
1367;06.10.2009;66363;32,36
1368;06.10.2009;83462;75,05
1369;06.10.2009;83561;31,67
1370;06.10.2009;61628;22,98
1371;06.10.2009;71059;36,51
1372;06.10.2009;79570;54,92
1373;07.10.2009;85510;164,31
1374;07.10.2009;84028;77,47
1375;07.10.2009;79512;63,09
1377;07.10.2009;75649;94,17
1378;08.10.2009;207;38,15
1379;08.10.2009;26788;25,65
1380;08.10.2009;22446;113,00
1381;08.10.2009;253;193,02
1382;08.10.2009;2583;28,88
1383;08.10.2009;23323;70,20
1384;08.10.2009;86278;5,51
1385;08.10.2009;42270;57,36
1386;08.10.2009;86412;12,80
1387;08.10.2009;50451;29,88
1388;08.10.2009;75739;53,50
1389;08.10.2009;1701;28,39
1390;08.10.2009;39588;150,16
1391;09.10.2009;6447;32,15
1392;09.10.2009;66479;52,13
1393;09.10.2009;41246;50,68
1394;09.10.2009;61628;29,56
1395;10.10.2009;87172;8,16
1400;11.10.2009;47;3,74
1401;11.10.2009;81453;77,12
1402;12.10.2009;200;13,58
1404;12.10.2009;45949;106,18
1405;12.10.2009;78451;83,62
1406;12.10.2009;83561;49,22
1407;12.10.2009;74435;60,39
1408;12.10.2009;79637;138,29
1409;12.10.2009;38857;29,71
1410;13.10.2009;66363;5,03
1411;13.10.2009;4622;68,82
1412;13.10.2009;4622;16,45
1413;13.10.2009;4622;12,63
1414;13.10.2009;61628;28,90
1415;13.10.2009;31971;29,96
1416;13.10.2009;85204;74,74
1417;13.10.2009;89123;11,25
1418;14.10.2009;89359;70,26
1419;14.10.2009;253;136,45
1420;14.10.2009;3640;35,04
1421;14.10.2009;75649;132,17
1422;14.10.2009;80006;73,35
1423;14.10.2009;22722;14,71
1424;15.10.2009;39241;12,48
1425;15.10.2009;202;173,65
1426;15.10.2009;4622;19,64
1427;15.10.2009;3889;157,60
1428;15.10.2009;41246;64,54
1429;15.10.2009;253;23,74
1430;15.10.2009;90419;28,39
1431;15.10.2009;23323;64,42
1432;15.10.2009;1701;28,79
1433;15.10.2009;42270;67,88
1434;16.10.2009;84028;148,01
1435;16.10.2009;22745;126,41
1436;16.10.2009;90916;14,80
1437;16.10.2009;6447;30,04
1438;16.10.2009;90979;6,44
1439;16.10.2009;90971;81,57
1440;16.10.2009;4577;76,47
1441;16.10.2009;4640;60,79
1442;16.10.2009;61628;23,42
1443;16.10.2009;29605;2,76
1444;16.10.2009;90848;47,85
1445;17.10.2009;81013;55,20
1446;17.10.2009;92802;7,88
1447;17.10.2009;81453;80,56
1448;18.10.2009;93097;20,45
1449;19.10.2009;78451;51,73
1450;19.10.2009;4244;19,23
1451;19.10.2009;45949;137,44
1452;19.10.2009;89010;14,66
1453;19.10.2009;79512;42,23
1454;19.10.2009;200;6,54
1455;19.10.2009;97042;3,17
1456;19.10.2009;40432;9,03
1457;19.10.2009;202;87,65
1458;19.10.2009;86307;28,74
1460;20.10.2009;38857;36,81
1461;20.10.2009;46256;22,92
1462;20.10.2009;22186;57,08
1463;20.10.2009;66363;32,43
1464;20.10.2009;4622;118,42
1465;20.10.2009;3640;33,32
1466;20.10.2009;47;40,11
1467;20.10.2009;277;153,09
1469;20.10.2009;36695;90,14
1470;20.10.2009;5564;63,41
1471;20.10.2009;58238;39,60
1472;21.10.2009;90971;25,39
1473;21.10.2009;61628;21,11
1474;21.10.2009;33309;105,40
1475;21.10.2009;79570;64,74
1476;21.10.2009;891;56,03
1477;21.10.2009;20805;44,99
1478;21.10.2009;20805;8,44
1479;22.10.2009;80006;86,53
1480;22.10.2009;99601;77,08
1481;22.10.2009;30131;21,42
1482;22.10.2009;75649;174,36
1483;22.10.2009;6225;15,67
1484;22.10.2009;79637;129,17
1485;22.10.2009;97042;4,58
1486;22.10.2009;66479;48,52
1487;22.10.2009;26788;7,05
1488;22.10.2009;99880;35,06
1489;22.10.2009;2583;19,76
1490;22.10.2009;13278;9,18
1491;22.10.2009;38740;6,92
1492;22.10.2009;38721;29,49
1493;22.10.2009;100264;18,90
1494;22.10.2009;100269;35,21
1495;22.10.2009;84028;156,52
1496;22.10.2009;1409;53,66
1497;22.10.2009;38721;20,09
1498;22.10.2009;4058;34,72
1499;23.10.2009;17928;39,36
1500;23.10.2009;75739;60,72
1501;23.10.2009;39588;126,48
1502;23.10.2009;4622;30,43
1503;23.10.2009;100720;181,21
1504;23.10.2009;4622;26,82
1505;23.10.2009;33600;28,39
1506;23.10.2009;101048;94,25
1507;23.10.2009;101054;36,59
1508;23.10.2009;65502;35,88
1509;23.10.2009;4577;37,83
1510;23.10.2009;75547;58,59
1511;23.10.2009;29605;4,29
1512;24.10.2009;29605;2,92
1513;24.10.2009;29605;8,35
1514;24.10.2009;1925;87,58
1515;24.10.2009;103227;24,95
1516;26.10.2009;79512;62,69
1517;26.10.2009;3767;33,15
1518;26.10.2009;81013;13,53
1520;26.10.2009;38857;23,75
1521;26.10.2009;104602;40,50
1522;26.10.2009;75603;93,56
1523;26.10.2009;105321;62,27
1524;26.10.2009;45949;104,37
1525;26.10.2009;47;45,48
1526;26.10.2009;97865;48,82
1527;26.10.2009;81453;60,54
1528;27.10.2009;78451;58,78
1529;27.10.2009;83561;37,40
1530;27.10.2009;46256;27,31
1531;27.10.2009;101284;51,14
1532;27.10.2009;103714;123,36
1533;27.10.2009;4622;74,45
1534;27.10.2009;66363;34,92
1535;27.10.2009;202;206,29
1536;27.10.2009;4622;6,90
1537;27.10.2009;75600;101,03
1538;27.10.2009;107271;22,04
1539;27.10.2009;59579;38,51
1540;27.10.2009;66363;6,73
1541;27.10.2009;101284;26,40
1542;28.10.2009;38857;19,92
1543;28.10.2009;108062;27,35
1544;28.10.2009;61628;40,90
1545;28.10.2009;41246;75,02
1546;28.10.2009;108736;41,36
1547;28.10.2009;29605;4,40
1548;28.10.2009;80006;39,02
1549;28.10.2009;29605;43,85
1550;28.10.2009;109150;49,46
1551;29.10.2009;39241;13,41
1552;29.10.2009;26788;22,06
1553;29.10.2009;108734;94,69
1554;29.10.2009;77915;43,54
1555;29.10.2009;33309;119,19
1556;29.10.2009;75649;135,03
1557;29.10.2009;27169;15,43
1558;29.10.2009;101944;16,32
1559;29.10.2009;109787;37,20
1560;29.10.2009;109859;39,94
1561;29.10.2009;42270;79,98
1562;29.10.2009;33829;95,32
1563;29.10.2009;6447;37,99
1564;29.10.2009;84028;106,24
1565;29.10.2009;39588;174,64
1566;29.10.2009;79637;154,59
1567;30.10.2009;1625;50,38
1568;30.10.2009;1701;53,12
1569;30.10.2009;4622;93,87
1570;30.10.2009;110795;79,95
1571;31.10.2009;113262;20,91
1572;01.11.2009;4152;134,01
1573;01.11.2009;90848;121,52
1574;02.11.2009;114774;13,51
1575;02.11.2009;114804;35,82
1576;02.11.2009;81013;20,47
1577;02.11.2009;78451;72,41
1578;02.11.2009;115599;81,90
1580;02.11.2009;115671;123,12
1581;02.11.2009;99036;16,41
1582;02.11.2009;29605;3,06
1584;02.11.2009;115791;2,05
1585;02.11.2009;83561;56,49
1586;03.11.2009;108734;51,83
1587;03.11.2009;38857;18,69
1588;03.11.2009;3889;140,80
1589;03.11.2009;66363;36,15
1590;03.11.2009;4622;95,13
1591;03.11.2009;1558;138,56
1592;03.11.2009;100720;103,54
1593;03.11.2009;277;212,57
1594;03.11.2009;253;141,14
1595;03.11.2009;79637;50,83
1596;03.11.2009;3640;82,90
1597;03.11.2009;207;58,52
1598;03.11.2009;116373;14,72
1599;04.11.2009;116454;90,50
1600;04.11.2009;202;115,95
1601;04.11.2009;58238;65,42
1602;04.11.2009;116490;26,00
1603;04.11.2009;107970;31,57
1604;04.11.2009;61628;18,14
1605;04.11.2009;4577;70,06
1606;04.11.2009;108734;95,00
1607;04.11.2009;39241;12,47
1608;04.11.2009;116373;10,81
1609;04.11.2009;81453;69,91
1610;04.11.2009;45949;165,96
1611;05.11.2009;22494;22,76
1612;05.11.2009;36695;53,59
1613;05.11.2009;26788;14,47
1614;05.11.2009;47;41,78
1615;05.11.2009;4622;24,05
1616;05.11.2009;891;130,41
1617;05.11.2009;100580;25,75
1618;05.11.2009;101944;17,72
1619;05.11.2009;75649;212,53
1620;05.11.2009;33600;40,26
1621;05.11.2009;17928;31,89
1622;05.11.2009;253;33,35
1623;05.11.2009;22684;28,11
1624;05.11.2009;74393;47,82
1625;05.11.2009;42270;91,62
1626;05.11.2009;72429;19,00
1627;05.11.2009;84028;94,52
1628;06.11.2009;118975;18,97
1629;06.11.2009;101947;27,12
1630;06.11.2009;97042;8,30
1631;06.11.2009;6447;52,93
1632;06.11.2009;101944;23,32
1633;06.11.2009;4640;52,44
1634;07.11.2009;125168;47,66
1635;07.11.2009;78451;63,12
1636;08.11.2009;128006;70,35
1637;09.11.2009;4244;19,23
1638;09.11.2009;89359;47,07
1639;09.11.2009;120470;18,43
1640;09.11.2009;130175;18,90
1641;09.11.2009;5441;22,20
1642;09.11.2009;79512;42,23
1644;10.11.2009;22186;25,63
1645;10.11.2009;38857;43,32
1646;10.11.2009;45949;81,31
1647;10.11.2009;33566;154,78
1648;10.11.2009;83561;31,95
1649;10.11.2009;130284;20,74
1650;10.11.2009;3640;40,39
1651;10.11.2009;66363;47,91
1652;10.11.2009;14635;160,67
1653;10.11.2009;66363;40,72
1654;10.11.2009;4622;62,39
1656;10.11.2009;79637;108,16
1657;10.11.2009;130335;8,81
1658;10.11.2009;130332;3,54
1659;10.11.2009;130348;5,06
1661;10.11.2009;207;37,72
1662;10.11.2009;130345;4,98
1663;10.11.2009;130435;3,20
1665;10.11.2009;130465;44,74
1666;10.11.2009;130484;6,34
1667;10.11.2009;130489;6,48
1668;10.11.2009;101944;14,75
1669;10.11.2009;130503;3,68
1670;10.11.2009;130560;2,20
1671;10.11.2009;130316;4,97
1672;10.11.2009;130812;8,87
1673;10.11.2009;130836;1,79
1674;10.11.2009;101944;12,13
1675;10.11.2009;130756;24,63
1677;10.11.2009;130949;2,14
1678;10.11.2009;130841;15,36
1681;10.11.2009;129006;14,87
1682;10.11.2009;6003;17,85
1683;10.11.2009;131036;41,72
1684;10.11.2009;131043;4,12
1685;10.11.2009;130964;1,39
1686;10.11.2009;131073;28,07
1687;10.11.2009;131095;3,33
1688;10.11.2009;131133;2,38
1689;11.11.2009;202;216,39
1690;11.11.2009;131159;2,09
1691;11.11.2009;131170;1,70
1692;11.11.2009;131086;23,60
1693;11.11.2009;277;199,81
1694;11.11.2009;4622;145,79
1695;11.11.2009;66479;59,18
1696;11.11.2009;131211;15,25
1697;11.11.2009;41246;75,41
1698;11.11.2009;131217;2,14
1699;11.11.2009;131218;31,83
1700;11.11.2009;131226;27,21
1701;11.11.2009;101944;10,53
1702;11.11.2009;131231;12,88
1703;11.11.2009;131236;22,26
1704;11.11.2009;70788;36,77
1705;11.11.2009;79570;126,91
1706;11.11.2009;2583;29,80
1707;11.11.2009;131255;22,41
1708;11.11.2009;131262;8,09
1709;11.11.2009;131261;2,51
1713;11.11.2009;59579;27,92
1714;11.11.2009;131396;21,50
1715;11.11.2009;130692;4,77
1717;11.11.2009;131471;4,29
1719;11.11.2009;90848;87,40
1720;11.11.2009;131441;29,94
1721;11.11.2009;131498;17,84
1722;11.11.2009;131512;4,57
1723;11.11.2009;131524;9,47
1724;11.11.2009;131115;39,84
1725;11.11.2009;131540;37,15
1727;11.11.2009;131620;10,23
1728;11.11.2009;116373;23,33
1729;11.11.2009;104602;40,10
1730;11.11.2009;18943;8,01
1731;11.11.2009;48426;3,76
1732;11.11.2009;101947;17,71
1733;11.11.2009;131742;2,62
1734;11.11.2009;131750;4,67
1735;11.11.2009;131808;49,41
1736;12.11.2009;80006;80,75
1737;12.11.2009;131563;27,66
1738;12.11.2009;131626;223,66
1739;12.11.2009;131930;22,07
1740;12.11.2009;47;23,10
1741;12.11.2009;39241;11,73
1742;12.11.2009;131892;83,27
1743;12.11.2009;131961;31,22
1744;12.11.2009;131905;33,46
1745;12.11.2009;75649;192,10
1746;12.11.2009;61628;43,68
1747;12.11.2009;36695;60,04
1748;12.11.2009;27169;14,25
1749;12.11.2009;253;58,25
1750;12.11.2009;132008;15,13
1751;12.11.2009;132072;74,26
1752;12.11.2009;129748;45,72
1753;12.11.2009;131795;56,67
1754;12.11.2009;17928;89,06
1755;12.11.2009;132301;18,53
1756;12.11.2009;84028;150,78
1757;12.11.2009;75739;66,59
1758;13.11.2009;42270;73,90
1759;13.11.2009;130725;2,54
1760;13.11.2009;132490;114,18
1761;13.11.2009;33600;18,83
1762;13.11.2009;6249;16,91
1763;13.11.2009;6249;7,98
1764;13.11.2009;33590;60,84
1765;13.11.2009;141;30,87
1766;13.11.2009;133498;41,59
1767;13.11.2009;100580;20,22
1768;13.11.2009;81453;54,68
1769;14.11.2009;134462;126,05
1770;14.11.2009;134501;17,16
1771;14.11.2009;101284;37,14
1772;14.11.2009;101284;42,24
1774;15.11.2009;135473;55,22
1775;15.11.2009;135485;20,29
1776;15.11.2009;135487;83,10
1777;15.11.2009;46321;48,76
1778;15.11.2009;134462;12,73
1779;15.11.2009;135551;22,28
1780;15.11.2009;130335;86,12
1781;15.11.2009;135602;37,49
1782;15.11.2009;135615;23,73
1783;15.11.2009;116373;23,84
1784;15.11.2009;135619;11,92
1785;15.11.2009;78451;88,71
1786;16.11.2009;4622;86,72
1787;16.11.2009;135774;43,15
1788;16.11.2009;132016;44,36
1789;16.11.2009;135796;48,35
1790;16.11.2009;135847;9,17
1791;16.11.2009;135877;60,58
1792;16.11.2009;136548;119,37
1793;16.11.2009;74435;116,18
1794;16.11.2009;136891;29,14
1795;16.11.2009;90848;37,52
1796;16.11.2009;5441;26,14
1797;17.11.2009;38857;59,65
1798;17.11.2009;1558;76,85
1799;17.11.2009;115671;106,03
1800;17.11.2009;26788;23,72
1801;17.11.2009;66363;45,15
1802;17.11.2009;81013;18,30
1803;17.11.2009;47;48,25
1804;17.11.2009;137941;8,17
1806;17.11.2009;137966;60,91
1807;17.11.2009;38721;92,54
1808;17.11.2009;135070;23,12
1809;17.11.2009;138183;22,50
1810;17.11.2009;130841;44,46
1811;17.11.2009;138348;54,60
1812;17.11.2009;50451;30,82
1813;18.11.2009;47;5,00
1814;18.11.2009;202;158,94
1815;18.11.2009;99036;9,03
1816;18.11.2009;58238;24,77
1817;18.11.2009;59575;15,45
1818;18.11.2009;891;51,33
1819;18.11.2009;138901;7,57
1820;18.11.2009;107970;43,64
1821;18.11.2009;140781;112,69
1822;18.11.2009;141079;160,21
1823;18.11.2009;97603;40,51
1824;18.11.2009;101939;6,16
1825;18.11.2009;75649;197,89
1826;18.11.2009;140781;42,65
1827;19.11.2009;133686;61,54
1828;19.11.2009;39241;8,30
1829;19.11.2009;30554;65,64
1830;19.11.2009;33566;195,58
1831;19.11.2009;33309;100,62
1832;19.11.2009;135487;100,84
1833;19.11.2009;97865;32,80
1834;19.11.2009;120470;19,13
1835;19.11.2009;101947;23,77
1836;20.11.2009;147357;106,31
1837;20.11.2009;30131;21,28
1838;20.11.2009;6447;82,93
1839;20.11.2009;147680;2,99
1840;20.11.2009;30554;9,45
1841;20.11.2009;131892;95,56
1842;20.11.2009;147838;75,02
1843;20.11.2009;39588;244,37
1844;20.11.2009;101944;16,36
1845;21.11.2009;150877;51,70
1846;21.11.2009;81453;107,74
1847;21.11.2009;54551;65,18
1848;21.11.2009;63469;59,98
1849;21.11.2009;116373;25,93
1850;21.11.2009;54551;23,58
1851;22.11.2009;150877;59,68
1852;22.11.2009;135487;115,05
1853;22.11.2009;138203;52,60
1854;22.11.2009;109859;30,70
1855;22.11.2009;135847;16,15
1856;22.11.2009;134462;83,11
1857;22.11.2009;152287;27,61
1858;22.11.2009;131808;42,30
1859;23.11.2009;152287;3,75
1860;23.11.2009;79570;27,32
1861;23.11.2009;38520;5,70
1862;23.11.2009;132591;56,31
1863;23.11.2009;66363;8,49
1864;23.11.2009;131115;47,59
1865;23.11.2009;41246;44,82
1866;23.11.2009;100720;208,59
1867;23.11.2009;4516;59,74
1868;23.11.2009;153501;167,25
1869;23.11.2009;1558;236,45
1870;23.11.2009;33600;52,12
1871;23.11.2009;45949;170,98
1872;24.11.2009;1701;51,63
1873;24.11.2009;38857;91,06
1874;24.11.2009;3640;42,40
1875;24.11.2009;33566;124,29
1876;24.11.2009;138203;15,02
1877;24.11.2009;136879;232,13
1878;25.11.2009;3889;183,17
1879;25.11.2009;61628;48,90
1880;25.11.2009;101944;6,10
1881;28.11.2009;116373;26,16
1882;29.11.2009;131236;30,25
1883;29.11.2009;134462;81,98
1884;29.11.2009;134462;11,08
1885;29.11.2009;4152;231,92
1886;29.11.2009;128006;84,21
1887;29.11.2009;163430;30,84
1888;29.11.2009;47;60,14
1889;29.11.2009;154853;15,10
1890;30.11.2009;163697;22,63
1891;30.11.2009;135602;20,20
1892;30.11.2009;66363;39,70
1893;30.11.2009;41246;58,21
1894;30.11.2009;75649;101,69
1895;30.11.2009;164188;50,51
1896;30.11.2009;135293;95,81
1897;30.11.2009;164894;86,32
1898;30.11.2009;131763;74,28
1899;30.11.2009;90848;88,98
1900;30.11.2009;20805;68,22
1901;30.11.2009;45949;136,32
1902;30.11.2009;99036;26,70
1903;30.11.2009;1558;102,90
1904;30.11.2009;135487;67,12
1905;01.12.2009;207;53,44
1906;01.12.2009;136879;256,73
1907;01.12.2009;13043;26,74
1908;01.12.2009;100720;153,28
1909;01.12.2009;38857;37,08
1910;01.12.2009;4622;95,35
1911;01.12.2009;46256;22,59
1912;01.12.2009;83561;21,74
1913;01.12.2009;81013;28,11
1914;01.12.2009;133525;129,40
1915;01.12.2009;104602;17,58
1916;01.12.2009;166847;47,98
1917;02.12.2009;130335;33,24
1918;02.12.2009;66479;74,94
1919;02.12.2009;108062;29,76
1920;02.12.2009;136548;25,10
1921;02.12.2009;153501;100,09
1922;02.12.2009;101944;7,74
1923;02.12.2009;153501;34,63
1924;02.12.2009;168030;95,00
1925;02.12.2009;101947;16,67
1926;02.12.2009;168652;44,15
1927;03.12.2009;168756;54,62
1928;03.12.2009;3640;92,02
1929;03.12.2009;81453;92,46
1930;03.12.2009;4577;69,36
1931;03.12.2009;169347;12,03
1932;03.12.2009;166847;14,04
1933;03.12.2009;131905;27,01
1934;03.12.2009;6016;27,55
1935;03.12.2009;170460;21,44
1936;03.12.2009;17928;64,00
1937;03.12.2009;39588;147,24
1938;03.12.2009;170690;18,42
1939;04.12.2009;6447;51,74
1940;04.12.2009;135796;56,39
1941;04.12.2009;120470;23,37
1942;04.12.2009;131563;41,53
1943;04.12.2009;171080;32,80
1944;04.12.2009;253;184,13
1945;04.12.2009;173141;10,58
1946;05.12.2009;168850;96,17
1947;05.12.2009;114774;5,36
1948;06.12.2009;177092;11,04
1949;06.12.2009;101947;49,59
1950;06.12.2009;47;70,72
1951;06.12.2009;90848;133,13
1952;06.12.2009;135847;14,29
1953;06.12.2009;177830;130,44
1954;06.12.2009;134462;83,81
1955;06.12.2009;177890;11,20
1956;06.12.2009;61628;49,48
1957;06.12.2009;177820;52,04
1958;06.12.2009;75649;93,02
1959;06.12.2009;169008;54,72
1960;06.12.2009;178147;16,18
1961;06.12.2009;891;60,92
1962;07.12.2009;78451;74,73
1963;07.12.2009;168865;132,81
1964;07.12.2009;178253;8,44
1965;07.12.2009;178266;20,33
1966;07.12.2009;177929;27,43
1967;07.12.2009;4622;109,99
1968;07.12.2009;152287;8,70
1969;07.12.2009;178319;74,15
1970;07.12.2009;178315;20,15
1971;07.12.2009;4244;43,09
1972;07.12.2009;178373;31,86
1973;07.12.2009;163430;21,99
1974;07.12.2009;135796;10,34
1975;07.12.2009;2583;57,62
1976;07.12.2009;164188;36,96
1977;07.12.2009;136548;38,14
1978;07.12.2009;135487;146,38
1979;07.12.2009;17533;74,26
1980;07.12.2009;178719;5,99
1981;07.12.2009;178724;10,23
1982;07.12.2009;173006;67,63
1983;07.12.2009;97042;17,50
1984;08.12.2009;136879;121,13
1985;08.12.2009;81013;21,52
1986;08.12.2009;38857;22,98
1987;08.12.2009;178773;64,56
1988;08.12.2009;134462;6,14
1989;08.12.2009;100720;527,16
1990;08.12.2009;1558;50,47
1991;08.12.2009;1558;14,21
1992;08.12.2009;207;31,40
1993;08.12.2009;153501;152,30
1994;08.12.2009;45949;129,12
1995;08.12.2009;83561;47,96
1996;08.12.2009;180056;10,84
1997;09.12.2009;66363;42,82
1998;09.12.2009;253;82,70
1999;09.12.2009;30131;33,29
2000;09.12.2009;129792;18,25
2001;09.12.2009;180839;56,27
2002;09.12.2009;131763;53,38
2003;09.12.2009;116373;46,59
2004;09.12.2009;181222;45,44
2005;10.12.2009;66479;55,70
2006;10.12.2009;39241;10,56
2007;10.12.2009;41246;110,58
2008;10.12.2009;23323;133,83
2009;10.12.2009;129748;78,70
2010;10.12.2009;182300;7,36
2011;10.12.2009;42270;41,10
2012;10.12.2009;131626;98,62
2013;10.12.2009;182646;9,78
2014;10.12.2009;17928;35,68
2015;10.12.2009;39588;176,48
2016;10.12.2009;182695;15,84
2017;11.12.2009;75600;38,82
2018;11.12.2009;38740;11,51
2019;11.12.2009;4622;46,77
2020;11.12.2009;81453;56,71
2021;11.12.2009;131396;98,83
2022;11.12.2009;253;14,99
2023;11.12.2009;184243;102,82
2024;13.12.2009;33566;80,03
2025;13.12.2009;189273;46,63
2026;13.12.2009;101947;48,03
2027;13.12.2009;188649;24,60
2028;13.12.2009;168756;67,97
2029;13.12.2009;178719;5,99
2030;13.12.2009;160;37,46
2031;13.12.2009;23405;72,89
2032;13.12.2009;130284;20,75
2033;13.12.2009;134462;142,12
2034;13.12.2009;61628;27,32
2035;13.12.2009;130335;155,96
2036;14.12.2009;168865;89,63
2037;14.12.2009;101947;18,74
2038;14.12.2009;130335;29,02
2039;14.12.2009;178735;116,86
2040;14.12.2009;169008;12,54
2041;14.12.2009;457;92,25
2042;14.12.2009;178762;54,08
2043;14.12.2009;33309;42,12
2044;14.12.2009;129792;26,55
2045;14.12.2009;130841;44,90
2046;14.12.2009;177830;89,70
2047;14.12.2009;114774;9,76
2048;14.12.2009;135487;117,55
2049;14.12.2009;47;172,53
2050;14.12.2009;4622;139,29
2051;14.12.2009;4622;94,60
2052;15.12.2009;38857;58,47
2053;15.12.2009;105321;28,59
2054;15.12.2009;45949;159,53
2055;15.12.2009;66363;45,24
2056;15.12.2009;153501;83,11
2057;15.12.2009;207;41,51
2058;15.12.2009;1558;281,61
2059;15.12.2009;81013;31,69
2060;15.12.2009;178315;20,14
2061;15.12.2009;192617;9,84
2062;15.12.2009;75649;155,40
2063;15.12.2009;136879;192,31
2064;15.12.2009;193130;162,90
2065;15.12.2009;193203;35,57
2066;15.12.2009;100720;456,35
2067;16.12.2009;193372;13,68
2068;16.12.2009;27428;38,14
2069;16.12.2009;70788;43,69
2070;16.12.2009;192833;65,23
2071;16.12.2009;277;336,72
2072;16.12.2009;133525;89,83
2073;16.12.2009;18943;8,01
2074;16.12.2009;4640;52,08
2075;16.12.2009;181222;75,32
2076;16.12.2009;90848;84,34
2077;17.12.2009;66768;183,76
2078;17.12.2009;195357;50,45
2079;17.12.2009;131563;29,71
2080;17.12.2009;129748;56,48
2081;17.12.2009;136548;110,56
2082;17.12.2009;116373;17,06
2083;17.12.2009;17928;14,09
2084;17.12.2009;42270;84,62
2085;17.12.2009;131626;79,79
2086;17.12.2009;177888;70,89
2087;18.12.2009;1701;106,28
2088;18.12.2009;75600;108,48
2089;18.12.2009;193130;48,71
2090;18.12.2009;39588;178,38
2091;18.12.2009;131763;54,62
2092;18.12.2009;61628;34,43
2093;18.12.2009;253;78,28
2094;18.12.2009;178748;4,08
2095;18.12.2009;197382;11,25
2096;19.12.2009;78451;54,44
2097;20.12.2009;114774;10,52
2098;20.12.2009;134462;122,49
2099;20.12.2009;4244;18,59
2100;20.12.2009;40100;20,53
2101;20.12.2009;177820;112,30
2102;20.12.2009;130335;145,58
2103;21.12.2009;66479;74,97
2104;21.12.2009;114774;13,56
2105;21.12.2009;39588;129,63
2106;21.12.2009;825;52,39
2107;21.12.2009;207;81,22
2108;21.12.2009;133498;83,46
2109;21.12.2009;204098;103,30
2110;21.12.2009;184243;149,29
2111;21.12.2009;131763;120,97
2112;22.12.2009;81013;16,93
2113;22.12.2009;38857;33,36
2114;22.12.2009;203074;28,88
2115;22.12.2009;136879;350,53
2116;22.12.2009;83561;62,06
2117;22.12.2009;204711;98,79
2118;22.12.2009;204965;8,19
2119;22.12.2009;35051;61,19
2120;22.12.2009;45949;175,24
2121;22.12.2009;277;100,14
2122;22.12.2009;891;45,71
2123;22.12.2009;203074;95,00
2124;22.12.2009;13361;86,25
2125;22.12.2009;129748;127,74
2126;23.12.2009;100720;200,17
2127;23.12.2009;207644;135,95
2128;23.12.2009;129748;11,96
2129;23.12.2009;101939;32,98
2130;23.12.2009;101939;3,14
2131;23.12.2009;891;63,31
2132;23.12.2009;90848;225,67
2133;23.12.2009;209418;9,00
2134;24.12.2009;131626;96,08
2135;25.12.2009;38857;23,75
2136;25.12.2009;90848;18,56
2137;26.12.2009;168756;46,01
2138;27.12.2009;23405;55,15
2139;27.12.2009;5564;33,11
2140;27.12.2009;1027;42,82
2141;28.12.2009;43937;37,92
2142;28.12.2009;19347;128,06
2143;28.12.2009;4577;61,09
2144;28.12.2009;78451;69,20
2145;28.12.2009;2583;69,13
2146;28.12.2009;253;198,74
2147;28.12.2009;135602;49,60
2148;28.12.2009;253;5,12
2149;28.12.2009;4640;43,51
2150;28.12.2009;134462;53,31
2151;28.12.2009;195392;27,59
2152;28.12.2009;147838;133,30
2153;28.12.2009;221384;20,45
2154;28.12.2009;134462;17,33
2155;28.12.2009;6224;75,06
2156;28.12.2009;108736;25,43
2157;28.12.2009;95448;31,45
2158;29.12.2009;135487;166,32
2159;29.12.2009;101947;18,83
2160;29.12.2009;115671;114,95
2161;29.12.2009;66363;38,79
2162;29.12.2009;45949;170,36
2163;29.12.2009;177888;47,49
2164;29.12.2009;166847;37,87
2165;29.12.2009;178762;218,59
2166;30.12.2009;38857;28,01
2167;30.12.2009;132072;72,15
2168;30.12.2009;136879;199,77
2169;30.12.2009;97042;20,86
2170;30.12.2009;219046;34,39
2171;30.12.2009;3889;74,76
2172;30.12.2009;66479;53,84
2173;30.12.2009;27428;17,24
2174;30.12.2009;1701;116,42
2175;30.12.2009;23405;57,93
2176;30.12.2009;193203;68,08
2177;30.12.2009;131498;51,46
2178;30.12.2009;29605;8,50
2179;30.12.2009;170460;35,69
2180;30.12.2009;181222;56,08
2181;30.12.2009;131471;13,76
2182;30.12.2009;105321;34,75
2183;31.12.2009;39241;23,93
2184;31.12.2009;131396;64,75
2185;31.12.2009;131763;56,38
2186;31.12.2009;61628;52,30
2187;02.01.2010;29605;7,36
2188;02.01.2010;81453;89,13
2189;02.01.2010;227868;68,02
2190;02.01.2010;114774;31,66
2191;03.01.2010;47;62,35
2192;03.01.2010;229411;109,86
2193;03.01.2010;229448;26,25
2194;03.01.2010;229411;2,35
2195;03.01.2010;190444;61,18
2196;03.01.2010;179082;120,17
2197;03.01.2010;134462;61,97
2198;03.01.2010;4152;262,93
2199;04.01.2010;4622;104,73
2200;04.01.2010;168865;79,93
2201;04.01.2010;6447;50,00
2202;04.01.2010;178719;23,60
2203;04.01.2010;940;116,41
2204;04.01.2010;47;18,39
2205;04.01.2010;78451;70,24
2206;04.01.2010;230242;37,24
2207;04.01.2010;222278;39,54
2208;04.01.2010;13278;13,29
2209;04.01.2010;229312;54,05
2210;04.01.2010;75649;260,71
2211;04.01.2010;178762;193,87
2212;04.01.2010;177820;30,09
2213;04.01.2010;100269;48,26
2214;04.01.2010;21718;18,27
2215;04.01.2010;136891;117,92
2216;04.01.2010;177830;231,50
2217;04.01.2010;42270;45,73
2218;04.01.2010;231090;72,99
2219;04.01.2010;231319;37,21
2220;04.01.2010;177830;14,10
2221;05.01.2010;83561;30,68
2222;05.01.2010;231450;49,24
2223;05.01.2010;38857;37,78
2224;05.01.2010;38520;5,84
2225;05.01.2010;108734;138,42
2226;05.01.2010;4244;23,79
2227;05.01.2010;136879;176,11
2228;05.01.2010;3197;73,80
2229;05.01.2010;101944;19,36
2230;05.01.2010;3640;34,62
2231;05.01.2010;1558;112,77
2232;05.01.2010;225475;46,72
2233;05.01.2010;253;65,16
2234;05.01.2010;232795;47,33
2235;05.01.2010;45949;90,71
2236;05.01.2010;178773;35,64
2237;05.01.2010;221405;5,63
2238;06.01.2010;233720;33,95
2239;06.01.2010;130335;49,30
2240;06.01.2010;153501;149,44
2241;06.01.2010;21718;9,18
2242;06.01.2010;237740;104,38
2243;06.01.2010;237740;104,91
2244;06.01.2010;181222;83,42
2245;06.01.2010;237765;6,90
2246;06.01.2010;550;113,77
2247;06.01.2010;233908;15,76
2248;06.01.2010;238245;87,55
2249;07.01.2010;131396;108,06
2250;07.01.2010;253;31,15
2251;07.01.2010;41246;117,02
2252;07.01.2010;219046;40,31
2253;07.01.2010;101947;13,21
2254;07.01.2010;3197;62,90
2255;07.01.2010;151959;83,91
2256;07.01.2010;66777;38,06
2257;07.01.2010;129748;115,45
2258;07.01.2010;177888;25,90
2259;07.01.2010;2235;25,72
2260;07.01.2010;13361;38,91
2261;07.01.2010;240005;176,91
2262;07.01.2010;131115;62,75
2263;08.01.2010;75739;61,11
2264;08.01.2010;38740;28,57
2265;08.01.2010;131512;19,53
2266;08.01.2010;61628;25,61
2267;08.01.2010;14887;42,60
2268;08.01.2010;27428;50,33
2269;08.01.2010;143954;7,96
2270;08.01.2010;4640;62,36
2271;08.01.2010;101944;25,67
2272;08.01.2010;131626;85,53
2273;08.01.2010;241434;87,41
2274;08.01.2010;240327;89,30
2275;08.01.2010;241688;95,54
2276;09.01.2010;243684;88,41
2277;09.01.2010;243875;90,33
2278;09.01.2010;233720;78,64
2279;10.01.2010;244285;26,21
2280;10.01.2010;90848;70,27
2281;10.01.2010;244425;20,59
2282;10.01.2010;244383;63,04
2283;10.01.2010;134462;44,37
2284;10.01.2010;160;65,09
2285;10.01.2010;53420;47,79
2286;10.01.2010;246164;82,97
2287;10.01.2010;221405;10,51
2288;10.01.2010;95448;38,30
2289;11.01.2010;229411;129,38
2290;11.01.2010;246330;86,09
2291;11.01.2010;99601;184,32
2292;11.01.2010;222278;28,70
2293;11.01.2010;66479;86,61
2294;11.01.2010;178762;140,74
2295;11.01.2010;189706;62,20
2296;11.01.2010;457;56,07
2297;11.01.2010;135602;34,02
2298;11.01.2010;246791;45,61
2299;11.01.2010;189706;57,82
2300;11.01.2010;246769;27,75
2301;11.01.2010;230242;29,90
2302;11.01.2010;75649;239,15
2303;11.01.2010;136891;71,71
2304;11.01.2010;231090;53,69
2305;11.01.2010;79512;58,93
2306;11.01.2010;248283;21,06
2307;11.01.2010;45389;33,17
2308;11.01.2010;248349;14,39
2309;11.01.2010;3197;56,95
2310;11.01.2010;78451;40,72
2311;11.01.2010;105321;21,95
2312;11.01.2010;134462;18,78
2313;11.01.2010;100720;172,13
2314;11.01.2010;45949;123,28
2315;12.01.2010;178719;7,63
2316;12.01.2010;66363;37,10
2317;12.01.2010;135487;155,00
2318;12.01.2010;3640;52,27
2319;12.01.2010;4622;120,24
2320;12.01.2010;22186;45,09
2321;12.01.2010;27428;29,66
2322;12.01.2010;238375;65,76
2323;12.01.2010;249357;32,92
2324;12.01.2010;253;210,89
2325;12.01.2010;277;263,48
2326;12.01.2010;80791;135,23
2327;12.01.2010;58238;30,05
2328;12.01.2010;251957;49,33
2329;12.01.2010;252159;78,19
2330;12.01.2010;937;41,35
2331;13.01.2010;130335;122,11
2332;13.01.2010;33566;212,09
2333;13.01.2010;219046;47,65
2334;13.01.2010;136879;231,81
2335;13.01.2010;101939;13,14
2336;13.01.2010;2235;16,54
2337;13.01.2010;108062;69,75
2338;13.01.2010;108062;8,99
2339;13.01.2010;252654;29,60
2340;13.01.2010;97603;35,23
2341;13.01.2010;254235;155,24
2342;13.01.2010;42270;64,75
2343;13.01.2010;133525;115,19
2344;14.01.2010;131512;22,00
2345;14.01.2010;39241;17,09
2346;14.01.2010;6225;16,94
2347;14.01.2010;177888;32,57
2348;14.01.2010;131512;4,49
2349;14.01.2010;14887;30,32
2350;14.01.2010;231090;120,59
2351;14.01.2010;19347;45,49
2352;14.01.2010;129748;96,54
2353;14.01.2010;18943;8,01
2354;14.01.2010;17928;88,33
2355;14.01.2010;247885;54,50
2356;14.01.2010;75600;77,79
2357;15.01.2010;75739;35,62
2359;15.01.2010;256071;213,93
2360;15.01.2010;257659;11,25
2361;15.01.2010;240005;282,76
2362;15.01.2010;4640;73,81
2363;15.01.2010;59066;92,36
2364;15.01.2010;3889;39,38
2365;15.01.2010;59579;28,26
2366;15.01.2010;136891;35,42
2367;16.01.2010;258846;9,19
2368;16.01.2010;131626;71,93
2369;16.01.2010;231450;113,52
2370;16.01.2010;135847;25,41
2371;17.01.2010;238584;50,14
2372;17.01.2010;262545;22,03
2373;17.01.2010;163430;40,97
2374;17.01.2010;264483;7,69
2375;17.01.2010;21718;21,63
2376;17.01.2010;178719;5,70
2377;17.01.2010;251957;38,76
2378;17.01.2010;188649;22,29
2379;17.01.2010;90848;59,28
2380;17.01.2010;79512;60,78
2381;18.01.2010;169008;17,03
2382;18.01.2010;190444;46,69
2383;18.01.2010;79512;5,06
2384;18.01.2010;78451;82,20
2385;18.01.2010;265294;10,84
2386;18.01.2010;457;28,81
2387;18.01.2010;200;7,44
2388;18.01.2010;41246;45,59
2389;18.01.2010;178762;182,25
2390;18.01.2010;134462;88,58
2391;18.01.2010;267734;15,62
2392;18.01.2010;134646;29,09
2393;18.01.2010;267958;27,35
2394;18.01.2010;105321;20,11
2395;18.01.2010;231319;47,43
2396;18.01.2010;247885;39,70
2397;18.01.2010;246164;45,00
2398;18.01.2010;95448;6,90
2399;18.01.2010;268328;25,19
2400;18.01.2010;135487;148,72
2401;18.01.2010;268484;23,36
2402;19.01.2010;237765;21,88
2403;19.01.2010;937;35,54
2404;19.01.2010;45949;155,42
2405;19.01.2010;2235;14,35
2406;19.01.2010;238375;64,41
2407;19.01.2010;101947;22,82
2408;19.01.2010;253;105,74
2409;19.01.2010;177830;117,58
2410;19.01.2010;131763;69,93
2411;19.01.2010;131763;118,75
2412;19.01.2010;270032;128,21
2413;19.01.2010;177830;47,70
2414;20.01.2010;4622;99,27
2415;20.01.2010;66363;33,43
2416;20.01.2010;270032;20,36
2417;20.01.2010;4622;169,82
2418;20.01.2010;101944;24,85
2419;20.01.2010;108062;62,65
2420;20.01.2010;239549;46,73
2421;20.01.2010;191636;57,59
2422;20.01.2010;133525;79,66
2423;20.01.2010;181222;44,30
2424;20.01.2010;131512;25,10
2425;20.01.2010;61628;51,17
2426;20.01.2010;237740;56,00
2427;20.01.2010;258710;85,89
2428;21.01.2010;101947;472,32
2429;21.01.2010;241489;21,98
2430;21.01.2010;274016;34,35
2431;21.01.2010;136879;284,71
2432;21.01.2010;891;69,55
2433;21.01.2010;219046;85,23
2434;21.01.2010;27428;34,66
2435;21.01.2010;177888;35,44
2436;21.01.2010;252654;47,69
2437;21.01.2010;3640;55,78
2438;21.01.2010;151959;78,52
2439;21.01.2010;3197;91,10
2440;21.01.2010;38740;10,17
2441;21.01.2010;139805;29,24
2442;21.01.2010;75600;103,82
2443;22.01.2010;274891;20,64
2444;22.01.2010;130335;80,00
2445;22.01.2010;75739;23,29
2446;22.01.2010;19347;95,36
2447;22.01.2010;39588;167,76
2448;22.01.2010;6447;43,04
2449;22.01.2010;275793;128,83
2450;23.01.2010;204711;159,73
2451;24.01.2010;47;52,03
2452;24.01.2010;4152;80,65
2453;24.01.2010;277827;25,61
2454;24.01.2010;277861;14,49
2455;24.01.2010;134462;98,01
2456;24.01.2010;44991;72,06
2457;24.01.2010;53420;20,49
2458;24.01.2010;243875;49,99
2459;24.01.2010;178713;30,59
2460;24.01.2010;6370;161,46
2461;24.01.2010;4516;95,97
2462;24.01.2010;95448;23,22
2463;24.01.2010;78451;73,45
2464;24.01.2010;278112;103,32
2465;24.01.2010;90848;78,87
2466;24.01.2010;190444;68,88
2467;25.01.2010;247885;94,26
2468;25.01.2010;79637;259,38
2469;25.01.2010;81453;37,67
2470;25.01.2010;277;286,32
2471;25.01.2010;256071;170,69
2472;25.01.2010;163430;20,24
2473;25.01.2010;178762;142,95
2474;25.01.2010;4622;145,88
2475;25.01.2010;101947;30,91
2476;25.01.2010;276307;13,37
2477;25.01.2010;75649;188,55
2478;25.01.2010;131255;16,54
2479;25.01.2010;457;53,89
2480;25.01.2010;230242;50,19
2481;25.01.2010;41246;37,12
2482;25.01.2010;254235;165,84
2483;25.01.2010;29605;14,68
2484;25.01.2010;246791;33,25
2487;25.01.2010;29605;1,83
2488;25.01.2010;281334;27,05
2489;25.01.2010;135487;122,13
2490;25.01.2010;231319;38,34
2491;25.01.2010;83561;49,11
2492;26.01.2010;100720;160,01
2493;26.01.2010;150877;72,44
2494;26.01.2010;281788;65,65
2495;26.01.2010;136548;110,86
2496;26.01.2010;202;161,77
2497;26.01.2010;231090;34,85
2498;26.01.2010;66363;34,75
2499;26.01.2010;207;76,44
2500;26.01.2010;253;166,46
2501;26.01.2010;45949;107,79
2502;26.01.2010;36360;49,62
2503;26.01.2010;36360;11,74
2504;26.01.2010;4640;45,50
2505;26.01.2010;177830;95,00
2506;26.01.2010;251957;52,08
2507;26.01.2010;241489;19,79
2508;26.01.2010;283017;74,04
2509;26.01.2010;99036;24,89
2510;27.01.2010;937;48,65
2511;27.01.2010;270032;75,02
2512;27.01.2010;283168;182,61
2513;27.01.2010;177830;134,14
2514;27.01.2010;131512;43,60
2515;27.01.2010;283232;20,04
2516;27.01.2010;108062;68,24
2517;27.01.2010;274016;19,74
2518;27.01.2010;153501;186,26
2519;27.01.2010;243684;134,59
2520;27.01.2010;131512;3,58
2521;27.01.2010;33600;23,77
2522;27.01.2010;39241;21,10
2523;27.01.2010;101947;49,20
2524;28.01.2010;284054;22,51
2525;28.01.2010;244383;86,67
2526;28.01.2010;219046;15,55
2527;28.01.2010;105321;27,55
2528;28.01.2010;94734;43,65
2529;28.01.2010;23323;214,08
2530;28.01.2010;136879;285,19
2531;28.01.2010;284206;100,47
2532;28.01.2010;135847;2,99
2533;28.01.2010;79512;47,88
2534;28.01.2010;134646;140,47
2535;28.01.2010;264483;37,60
2536;28.01.2010;252654;51,94
2537;28.01.2010;285531;87,92
2538;28.01.2010;129748;80,95
2539;28.01.2010;130316;35,28
2540;28.01.2010;61089;184,28
2541;28.01.2010;74393;62,89
2542;28.01.2010;135847;22,98
2543;28.01.2010;59066;82,96
2544;28.01.2010;17928;29,76
2545;28.01.2010;139805;141,13
2546;29.01.2010;182695;13,59
2547;29.01.2010;75600;203,07
2548;29.01.2010;39588;156,83
2549;29.01.2010;130335;130,40
2550;29.01.2010;3197;74,07
2551;29.01.2010;33590;46,18
2552;29.01.2010;75739;19,37
2553;29.01.2010;151959;58,28
2554;29.01.2010;43937;35,29
2555;29.01.2010;229411;96,94
2556;29.01.2010;13361;61,96
2557;29.01.2010;19347;114,98
2558;29.01.2010;189706;90,88
2559;29.01.2010;4577;53,24
2560;29.01.2010;50451;37,29
2561;29.01.2010;14913;22,01
2562;29.01.2010;33581;102,40
2563;29.01.2010;213237;24,02
2564;29.01.2010;41246;46,62
2565;29.01.2010;286258;56,67
2566;29.01.2010;177888;13,46
2567;29.01.2010;1625;33,81
2568;29.01.2010;59561;51,96
2569;29.01.2010;81453;53,76
2570;29.01.2010;4640;67,42
2571;29.01.2010;134646;23,22
2572;30.01.2010;287135;88,75
2573;30.01.2010;253;42,40
2574;30.01.2010;169008;17,34
2575;30.01.2010;233720;88,08
2576;30.01.2010;238245;74,46
2577;31.01.2010;274066;20,04
2578;31.01.2010;289425;39,44
2579;31.01.2010;47;47,63
2580;31.01.2010;47;23,63
2581;31.01.2010;90848;105,20
2582;31.01.2010;134462;92,02
2583;31.01.2010;163430;18,59
2584;31.01.2010;28511;95,88
2585;31.01.2010;2195;95,46
2586;31.01.2010;277987;161,64
2587;31.01.2010;221405;25,06
2588;31.01.2010;3889;143,26
2589;31.01.2010;3194;20,82
2590;31.01.2010;222278;87,26
2591;31.01.2010;292670;37,78
2592;31.01.2010;21718;80,16
2593;01.02.2010;47;6,64
2594;01.02.2010;27428;54,18
2595;01.02.2010;293300;57,19
2596;01.02.2010;4622;122,04
2597;01.02.2010;131255;15,06
2598;01.02.2010;253;136,11
2599;01.02.2010;243875;181,09
2600;01.02.2010;101947;31,55
2601;01.02.2010;254235;186,79
2602;01.02.2010;231450;78,04
2603;01.02.2010;273321;19,23
2604;01.02.2010;136891;19,53
2605;01.02.2010;296448;22,79
2606;01.02.2010;246791;61,28
2607;01.02.2010;246164;193,78
2608;01.02.2010;281788;72,84
2609;01.02.2010;297082;77,09
2610;01.02.2010;247885;49,37
2611;01.02.2010;95448;10,94
2612;01.02.2010;4152;210,12
2613;01.02.2010;231090;71,85
2614;01.02.2010;178713;176,47
2615;01.02.2010;94734;97,81
2616;01.02.2010;134462;19,27
2617;02.02.2010;254235;25,05
2618;02.02.2010;100720;61,60
2619;02.02.2010;256071;214,36
2620;02.02.2010;277;214,04
2621;02.02.2010;299260;690,98
2622;02.02.2010;29284;91,47
2623;02.02.2010;45949;141,73
2624;02.02.2010;101944;37,24
2626;02.02.2010;147680;28,87
2627;02.02.2010;283168;250,28
2628;02.02.2010;134646;129,43
2629;02.02.2010;147680;2,36
2630;02.02.2010;282299;28,27
2631;02.02.2010;207;72,02
2632;02.02.2010;241489;18,08
2633;03.02.2010;304082;16,95
2634;03.02.2010;178719;13,49
2635;03.02.2010;304841;2,92
2636;03.02.2010;99390;39,55
2637;03.02.2010;229312;49,83
2638;03.02.2010;303090;54,94
2639;03.02.2010;238375;97,14
2640;03.02.2010;244383;64,90
2641;03.02.2010;136879;303,20
2642;03.02.2010;75649;258,42
2644;03.02.2010;59579;30,55
2645;03.02.2010;270032;180,35
2646;03.02.2010;303380;175,95
2647;03.02.2010;252159;78,81
2648;03.02.2010;305879;76,56
2649;03.02.2010;23323;143,27
2650;03.02.2010;28511;52,09
2651;03.02.2010;133525;58,96
2652;03.02.2010;42270;120,99
2653;03.02.2010;246330;52,60
2654;03.02.2010;99914;47,05
2655;03.02.2010;240005;290,40
2656;03.02.2010;20805;63,23
2657;03.02.2010;80791;187,51
2658;03.02.2010;258710;83,10
2659;03.02.2010;61628;20,08
2660;04.02.2010;108734;43,25
2661;04.02.2010;114774;28,06
2662;04.02.2010;131512;46,55
2663;04.02.2010;21275;115,81
2664;04.02.2010;39588;179,29
2665;04.02.2010;274016;47,16
2666;04.02.2010;22745;127,15
2667;04.02.2010;277861;17,77
2668;04.02.2010;252654;50,47
2669;04.02.2010;79512;56,01
2670;04.02.2010;284206;82,60
2671;04.02.2010;136548;81,45
2672;04.02.2010;192617;25,37
2673;04.02.2010;4152;45,96
2675;04.02.2010;310896;8,65
2676;04.02.2010;134646;45,13
2677;04.02.2010;135847;70,87
2678;04.02.2010;891;132,97
2679;04.02.2010;311452;106,49
2680;04.02.2010;120470;29,69
2681;04.02.2010;33600;62,28
2682;04.02.2010;120470;10,02
2683;04.02.2010;274016;11,59
2684;04.02.2010;184243;164,96
2685;04.02.2010;4640;97,63
2686;04.02.2010;312058;52,94
2687;04.02.2010;27428;20,97
2688;05.02.2010;229411;105,74
2689;05.02.2010;241489;20,40
2690;05.02.2010;75600;89,40
2691;05.02.2010;311731;4,90
2692;05.02.2010;29605;34,73
2693;05.02.2010;29605;15,35
2694;05.02.2010;83561;35,60
2695;05.02.2010;136548;81,31
2696;05.02.2010;4640;93,23
2697;05.02.2010;182695;32,27
2698;05.02.2010;4622;81,53
2699;05.02.2010;101944;4,21
2700;05.02.2010;312247;6,70
2701;05.02.2010;134646;17,96
2702;05.02.2010;66479;61,25
2703;06.02.2010;264509;49,73
2704;06.02.2010;305126;107,73
2705;07.02.2010;274066;17,79
2706;07.02.2010;135796;31,52
2707;07.02.2010;319091;87,04
2708;07.02.2010;241688;81,14
2709;07.02.2010;90848;30,02
2710;07.02.2010;319162;20,71
2711;07.02.2010;169008;22,70
2712;07.02.2010;243875;113,61
2713;08.02.2010;222278;6,25
2714;08.02.2010;276307;53,60
2715;08.02.2010;319350;16,78
2716;08.02.2010;100720;91,37
2717;08.02.2010;4577;99,33
2718;08.02.2010;131226;26,96
2719;08.02.2010;41246;91,40
2720;08.02.2010;152441;65,58
2721;08.02.2010;135847;44,41
2722;08.02.2010;131217;17,74
2723;08.02.2010;319471;14,18
2724;08.02.2010;177;44,79
2725;08.02.2010;134462;65,63
2726;08.02.2010;254235;139,11
2727;08.02.2010;246791;58,52
2728;08.02.2010;147838;14,62
2729;08.02.2010;190148;57,91
2730;08.02.2010;6370;286,27
2731;08.02.2010;299260;187,83
2732;08.02.2010;247885;51,94
2733;08.02.2010;275793;103,71
2734;08.02.2010;322554;138,62
2735;08.02.2010;95448;28,70
2736;08.02.2010;237765;12,28
2737;08.02.2010;231090;53,19
2738;08.02.2010;292670;41,10
2739;08.02.2010;283168;169,23
2740;09.02.2010;325028;52,00
2741;09.02.2010;231450;149,12
2742;09.02.2010;177;41,69
2743;09.02.2010;325209;35,88
2744;09.02.2010;253;203,43
2745;09.02.2010;65502;49,78
2746;09.02.2010;79512;50,61
2747;09.02.2010;164188;61,72
2748;09.02.2010;326067;22,06
2749;09.02.2010;136891;23,65
2750;09.02.2010;130316;45,99
2751;09.02.2010;326302;5,86
2752;09.02.2010;326427;30,60
2753;09.02.2010;326450;46,15
2754;09.02.2010;326416;97,25
2755;09.02.2010;221405;18,40
2756;10.02.2010;326567;29,72
2757;10.02.2010;136879;303,72
2758;10.02.2010;326664;25,56
2759;10.02.2010;283232;41,64
2760;10.02.2010;73651;13,08
2761;10.02.2010;326605;91,91
2762;10.02.2010;45949;221,32
2763;10.02.2010;326822;48,84
2764;10.02.2010;326853;28,77
2765;10.02.2010;108062;41,20
2766;10.02.2010;282299;41,27
2767;10.02.2010;326850;26,22
2768;10.02.2010;99390;62,97
2769;10.02.2010;177830;51,66
2770;10.02.2010;2583;33,40
2771;10.02.2010;131498;8,91
2772;10.02.2010;105321;35,71
2773;10.02.2010;327712;50,21
2774;10.02.2010;134646;69,82
2775;10.02.2010;39241;13,66
2776;11.02.2010;75600;104,20
2777;11.02.2010;101947;22,50
2778;11.02.2010;4622;141,06
2779;11.02.2010;101939;14,16
2780;11.02.2010;130335;79,87
2781;11.02.2010;178719;2,92
2782;11.02.2010;79637;148,34
2783;11.02.2010;27428;86,49
2784;11.02.2010;131512;29,29
2785;11.02.2010;61628;72,78
2786;11.02.2010;274016;29,79
2787;11.02.2010;328919;40,22
2789;11.02.2010;305879;208,41
2790;11.02.2010;330280;51,24
2791;11.02.2010;264483;26,71
2792;11.02.2010;192833;21,51
2793;11.02.2010;42270;83,31
2794;11.02.2010;129748;70,50
2795;11.02.2010;59066;77,31
2796;11.02.2010;284206;71,92
2797;11.02.2010;23323;129,39
2798;11.02.2010;17928;106,47
2799;11.02.2010;258710;69,10
2800;11.02.2010;19347;112,53
2801;12.02.2010;75600;74,99
2802;12.02.2010;131115;59,11
2803;12.02.2010;241489;21,42
2804;12.02.2010;2235;35,57
2805;12.02.2010;33600;47,90
2806;12.02.2010;39588;167,79
2807;12.02.2010;274891;75,08
2808;12.02.2010;4622;76,40
2809;12.02.2010;177888;16,50
2810;12.02.2010;139805;152,34
2811;12.02.2010;251887;105,25
2812;12.02.2010;251887;7,93
2813;12.02.2010;219046;38,17
2814;12.02.2010;4640;93,49
2815;12.02.2010;101944;43,33
2816;12.02.2010;101944;19,46
2817;13.02.2010;131255;26,47
2818;13.02.2010;336236;183,55
2820;14.02.2010;243875;136,59
2821;14.02.2010;339282;49,85
2822;14.02.2010;274066;21,98
2823;14.02.2010;267876;48,97
2824;14.02.2010;252654;47,23
2825;14.02.2010;134462;62,08
2826;14.02.2010;340060;7,34
2827;14.02.2010;340188;23,96
2828;14.02.2010;340195;81,01
2829;14.02.2010;340188;23,96
2830;14.02.2010;147;23,26
2831;14.02.2010;94734;61,07
2832;14.02.2010;6476;128,38
2833;14.02.2010;169008;14,89
2834;14.02.2010;4244;46,20
2835;14.02.2010;6476;9,20
2836;14.02.2010;6476;18,08
2837;14.02.2010;130175;17,70
2838;14.02.2010;168756;45,87
2839;14.02.2010;135847;12,88
2840;15.02.2010;341576;15,65
2841;15.02.2010;45949;101,34
2842;15.02.2010;273321;18,97
2843;15.02.2010;168865;112,60
2844;15.02.2010;132591;35,28
2845;15.02.2010;222278;67,08
2846;15.02.2010;319162;8,25
2847;15.02.2010;90848;113,06
2848;15.02.2010;276307;49,66
2849;15.02.2010;75649;254,11
2850;15.02.2010;135874;49,66
2851;15.02.2010;4270;18,65
2852;15.02.2010;81453;112,22
2853;15.02.2010;253;129,07
2854;15.02.2010;342222;5,62
2855;15.02.2010;277861;10,97
2856;15.02.2010;343412;6,66
2857;15.02.2010;78451;52,07
2858;15.02.2010;22186;29,57
2859;15.02.2010;231319;36,11
2860;15.02.2010;233679;28,72
2861;15.02.2010;139805;67,07
2862;16.02.2010;283168;188,71
2863;16.02.2010;101947;31,21
2864;16.02.2010;83561;18,04
2865;16.02.2010;256071;108,06
2866;16.02.2010;26788;41,25
2867;16.02.2010;345520;27,55
2868;16.02.2010;178762;184,01
2869;16.02.2010;325028;63,91
2870;16.02.2010;66363;33,79
2871;16.02.2010;207;71,81
2872;16.02.2010;2195;64,84
2873;16.02.2010;47;79,91
2874;16.02.2010;347125;51,89
2875;16.02.2010;347521;21,99
2876;16.02.2010;285533;20,97
2877;16.02.2010;326320;56,73
2878;16.02.2010;310896;13,65
2879;16.02.2010;326302;20,80
2880;17.02.2010;326850;5,52
2881;17.02.2010;99390;58,24
2882;17.02.2010;238245;69,07
2883;17.02.2010;5449;107,82
2884;17.02.2010;219046;52,71
2885;17.02.2010;79512;73,97
2886;17.02.2010;136879;172,04
2887;17.02.2010;27428;27,65
2888;17.02.2010;326853;9,12
2889;17.02.2010;132072;127,66
2890;17.02.2010;177830;90,83
2891;17.02.2010;277987;45,88
2892;17.02.2010;348555;7,35
2893;17.02.2010;322554;18,54
2894;17.02.2010;327712;38,79
2895;17.02.2010;22722;36,84
2896;17.02.2010;350475;31,60
2897;17.02.2010;326416;114,88
2898;17.02.2010;181222;118,63
2899;17.02.2010;293300;96,64
2900;17.02.2010;101939;5,64
2901;18.02.2010;101947;10,88
2902;18.02.2010;133525;41,03
2903;18.02.2010;65502;30,86
2904;18.02.2010;105321;43,57
2905;18.02.2010;274016;29,33
2906;18.02.2010;252654;53,58
2907;18.02.2010;238375;87,86
2908;18.02.2010;302034;6,79
2909;18.02.2010;190148;88,27
2910;18.02.2010;333236;46,51
2911;18.02.2010;182;390,07
2912;18.02.2010;284206;63,09
2913;18.02.2010;17928;94,07
2914;18.02.2010;19347;111,68
2915;18.02.2010;33600;55,76
2916;18.02.2010;75600;75,60
2917;19.02.2010;19347;5,63
2918;19.02.2010;39588;196,68
2919;19.02.2010;75739;21,75
2920;19.02.2010;4622;73,88
2921;19.02.2010;131512;29,16
2922;19.02.2010;6447;36,04
2923;19.02.2010;101947;30,13
2924;19.02.2010;59066;153,57
2925;19.02.2010;264483;13,19
2926;19.02.2010;4577;72,05
2927;19.02.2010;130335;95,69
2928;19.02.2010;79637;102,47
2929;19.02.2010;41246;85,35
2930;19.02.2010;354474;51,29
2931;19.02.2010;61628;44,31
2932;19.02.2010;101944;29,89
2933;19.02.2010;3889;148,88
2934;19.02.2010;258710;53,61
2935;19.02.2010;356329;162,62
2936;19.02.2010;327791;33,02
2937;19.02.2010;163430;42,62
2938;20.02.2010;35051;41,09
2939;20.02.2010;134462;62,50
2940;20.02.2010;283017;196,82
2941;20.02.2010;360816;103,46
2942;21.02.2010;128006;96,95
2943;21.02.2010;363819;2,93
2944;21.02.2010;135847;33,67
2945;21.02.2010;66479;65,93
2946;21.02.2010;177929;20,35
2947;21.02.2010;319162;19,72
2948;21.02.2010;190444;114,93
2949;21.02.2010;55829;36,41
2950;21.02.2010;5449;121,75
2951;21.02.2010;265294;30,17
2952;22.02.2010;246791;72,47
2953;22.02.2010;47;51,15
2954;22.02.2010;244383;57,21
2955;22.02.2010;365257;15,72
2956;22.02.2010;276878;128,32
2957;22.02.2010;276878;5,01
2958;22.02.2010;277861;5,51
2959;22.02.2010;166847;24,04
2960;22.02.2010;247885;77,41
2961;22.02.2010;118028;70,05
2962;22.02.2010;342064;57,30
2963;22.02.2010;457;37,13
2964;22.02.2010;90848;128,01
2965;22.02.2010;90848;6,29
2966;22.02.2010;81453;94,19
2967;22.02.2010;4244;21,09
2968;22.02.2010;365784;17,31
2969;22.02.2010;178319;90,65
2970;22.02.2010;267876;39,92
2971;22.02.2010;253;166,37
2972;22.02.2010;243875;158,80
2973;22.02.2010;207;22,98
2974;22.02.2010;273321;33,40
2975;22.02.2010;277;210,30
2976;22.02.2010;71059;23,62
2977;22.02.2010;80791;132,53
2978;22.02.2010;240334;41,56
2979;22.02.2010;136891;11,81
2980;22.02.2010;5564;24,63
2981;22.02.2010;283168;173,45
2982;22.02.2010;78451;56,74
2983;22.02.2010;83561;63,26
2984;22.02.2010;45949;137,59
2985;22.02.2010;114774;15,22
2986;22.02.2010;246330;41,77
2987;22.02.2010;182;79,44
2988;22.02.2010;254235;85,21
2989;23.02.2010;231319;32,40
2990;23.02.2010;27428;38,92
2991;23.02.2010;4622;82,41
2992;23.02.2010;132072;82,61
2993;23.02.2010;369133;41,22
2994;23.02.2010;75649;281,93
2995;23.02.2010;14635;30,76
2996;23.02.2010;350475;91,08
2997;23.02.2010;47;27,97
2998;23.02.2010;370402;40,22
2999;23.02.2010;370571;40,93
3000;23.02.2010;370758;37,25
3001;24.02.2010;370990;22,95
3002;24.02.2010;310896;12,00
3003;24.02.2010;130335;20,16
3004;24.02.2010;65502;14,37
3005;24.02.2010;256071;276,62
3006;24.02.2010;101947;23,33
3007;24.02.2010;136879;314,64
3008;24.02.2010;326853;19,95
3009;24.02.2010;177830;115,06
3010;24.02.2010;99390;31,99
3011;24.02.2010;108062;81,89
3012;24.02.2010;4577;81,78
3013;24.02.2010;371554;55,15
3014;24.02.2010;241489;23,93
3015;24.02.2010;178762;213,72
3016;24.02.2010;134646;89,90
3017;24.02.2010;20805;74,62
3018;24.02.2010;39241;20,41
3019;24.02.2010;18943;8,01
3020;24.02.2010;181222;57,36
3021;24.02.2010;133525;115,91
3022;25.02.2010;131512;11,59
3023;25.02.2010;30131;39,58
3024;25.02.2010;297082;120,57
3025;25.02.2010;345520;22,44
3027;25.02.2010;190148;66,89
3028;25.02.2010;374957;112,09
3029;25.02.2010;264483;8,64
3030;25.02.2010;129748;55,21
3031;25.02.2010;252654;41,99
3032;25.02.2010;375272;74,85
3033;25.02.2010;42270;75,38
3034;25.02.2010;17928;16,83
3035;25.02.2010;375446;13,30
3036;25.02.2010;23323;104,41
3037;25.02.2010;47;15,50
3038;26.02.2010;274016;28,20
3039;26.02.2010;39588;169,30
3040;26.02.2010;41246;140,75
3041;26.02.2010;33829;89,60
3042;26.02.2010;375939;23,74
3043;26.02.2010;5894;112,55
3044;26.02.2010;101944;36,03
3045;26.02.2010;130316;21,92
3046;26.02.2010;278112;96,80
3047;26.02.2010;27428;38,89
3048;26.02.2010;2583;30,45
3049;26.02.2010;207;21,88
3050;26.02.2010;4640;84,73
3051;26.02.2010;135847;17,91
3052;26.02.2010;376775;57,43
3053;26.02.2010;376959;99,32
3054;26.02.2010;377434;43,57
3055;27.02.2010;137966;94,63
3056;27.02.2010;283017;129,25
3057;27.02.2010;304841;11,67
3058;27.02.2010;288545;65,72
3059;27.02.2010;378828;88,69
3060;27.02.2010;372652;35,77
3061;27.02.2010;379370;53,51
3062;28.02.2010;380119;85,89
3063;28.02.2010;131217;3,82
3064;28.02.2010;4152;180,02
3065;28.02.2010;131255;10,85
3066;28.02.2010;128006;75,24
3067;28.02.2010;319162;6,94
3068;28.02.2010;134462;85,61
3069;28.02.2010;382629;46,45
3070;28.02.2010;382783;60,19
3071;28.02.2010;273321;34,08
3072;28.02.2010;125168;60,92
3073;28.02.2010;100720;185,02
3074;28.02.2010;288545;7,15
3075;28.02.2010;35051;44,24
3076;28.02.2010;139805;78,24
3077;28.02.2010;55829;29,56
3078;28.02.2010;333236;30,20
3079;01.03.2010;274066;5,85
3080;01.03.2010;163430;13,55
3081;01.03.2010;190470;43,22
3082;01.03.2010;47;48,15
3083;01.03.2010;5449;121,83
3084;01.03.2010;276307;28,58
3085;01.03.2010;131115;36,26
3086;01.03.2010;276307;9,00
3087;01.03.2010;135602;29,54
3088;01.03.2010;247885;85,50
3089;01.03.2010;253;165,14
3090;01.03.2010;90848;28,38
3091;01.03.2010;168756;50,90
3092;01.03.2010;366448;27,16
3093;01.03.2010;134975;18,16
3094;01.03.2010;369133;17,79
3095;01.03.2010;136891;58,35
3096;01.03.2010;384031;63,34
3097;01.03.2010;281167;36,42
3098;01.03.2010;45949;107,93
3099;01.03.2010;78451;102,09
3100;01.03.2010;275793;31,45
3101;01.03.2010;134646;89,11
3102;01.03.2010;277827;2,03
3103;01.03.2010;384623;19,08
3104;02.03.2010;375224;61,95
3105;02.03.2010;254235;182,10
3106;02.03.2010;4622;76,31
3107;02.03.2010;231450;117,46
3108;02.03.2010;231319;26,93
3109;02.03.2010;47;34,13
3110;02.03.2010;207;64,94
3111;02.03.2010;130335;18,14
3112;02.03.2010;239549;20,77
3113;02.03.2010;38909;55,22
3114;02.03.2010;166847;29,29
3115;02.03.2010;243875;147,85
3116;02.03.2010;385388;63,44
3117;02.03.2010;385641;14,89
3118;02.03.2010;327791;35,47
3119;02.03.2010;370402;37,36
3120;02.03.2010;258710;69,85
3121;02.03.2010;354474;62,43
3122;02.03.2010;238245;98,92
3123;02.03.2010;38857;21,42
3124;03.03.2010;276878;92,75
3125;03.03.2010;136879;191,66
3126;03.03.2010;326822;46,22
3127;03.03.2010;41246;103,14
3128;03.03.2010;151959;64,68
3129;03.03.2010;75649;251,45
3130;03.03.2010;937;56,33
3131;03.03.2010;457;60,24
3132;03.03.2010;267876;22,58
3133;03.03.2010;229312;51,70
3134;03.03.2010;326853;51,71
3135;03.03.2010;135487;168,05
3136;03.03.2010;264483;5,63
3137;03.03.2010;133525;146,53
3138;03.03.2010;33104;40,11
3139;03.03.2010;22722;22,06
3140;03.03.2010;387360;47,50
3141;03.03.2010;181222;90,13
3142;03.03.2010;101947;9,79
3144;04.03.2010;345520;45,69
3145;04.03.2010;388120;28,79
3146;04.03.2010;30131;28,81
3147;04.03.2010;105321;29,83
3148;04.03.2010;15914;17,48
3149;04.03.2010;65502;31,14
3150;04.03.2010;382790;66,60
3151;04.03.2010;61628;46,15
3152;04.03.2010;350475;63,21
3153;04.03.2010;190148;61,69
3154;04.03.2010;356329;41,54
3155;04.03.2010;42270;32,86
3156;04.03.2010;178713;126,98
3157;04.03.2010;389345;26,26
3158;04.03.2010;182;260,12
3159;04.03.2010;130316;34,63
3160;04.03.2010;21243;53,26
3161;04.03.2010;23323;92,87
3162;04.03.2010;131512;17,58
3163;04.03.2010;75739;27,15
3164;04.03.2010;229448;21,65
3165;05.03.2010;75600;91,72
3166;05.03.2010;325028;47,93
3167;05.03.2010;229411;121,48
3168;05.03.2010;131396;95,75
3169;05.03.2010;219046;126,07
3170;05.03.2010;219046;5,08
3171;05.03.2010;256071;268,41
3172;05.03.2010;39588;214,73
3173;05.03.2010;6447;56,76
3174;05.03.2010;132072;99,32
3175;05.03.2010;81453;56,37
3176;05.03.2010;27428;14,35
3177;05.03.2010;84028;125,66
3178;05.03.2010;47;7,22
3179;05.03.2010;390162;57,41
3180;05.03.2010;13278;21,01
3181;05.03.2010;79637;152,04
3182;05.03.2010;101944;51,00
3183;05.03.2010;251957;81,56
3184;05.03.2010;390777;5,17
3185;05.03.2010;390901;17,77
3186;05.03.2010;390953;30,12
3187;05.03.2010;384698;44,85
3188;06.03.2010;134462;82,18
3189;06.03.2010;35051;26,10
3190;06.03.2010;134646;34,58
3191;06.03.2010;101947;20,99
3192;07.03.2010;394290;45,43
3193;07.03.2010;394346;14,21
3194;07.03.2010;6370;88,26
3195;07.03.2010;382629;81,15
3196;07.03.2010;375224;77,76
3197;07.03.2010;55829;18,33
3198;07.03.2010;366448;29,81
3199;07.03.2010;90848;75,68
3200;07.03.2010;22186;47,19
3201;07.03.2010;90848;2,96
3202;07.03.2010;391715;38,30
3203;07.03.2010;360816;76,05
3204;07.03.2010;79512;53,79
3205;08.03.2010;188649;68,28
3206;08.03.2010;78451;52,20
3207;08.03.2010;395039;34,62
3208;08.03.2010;457;42,56
3209;08.03.2010;45949;81,43
3210;08.03.2010;244383;37,52
3211;08.03.2010;207;57,05
3212;08.03.2010;134462;25,49
3213;08.03.2010;246330;58,58
3214;08.03.2010;276307;9,08
3215;08.03.2010;41246;73,45
3216;08.03.2010;13043;43,34
3217;08.03.2010;66479;33,00
3218;08.03.2010;5449;101,29
3219;08.03.2010;182;270,14
3220;08.03.2010;393616;60,02
3221;08.03.2010;163430;13,80
3222;08.03.2010;178719;17,82
3223;08.03.2010;27428;27,68
3224;08.03.2010;380119;56,71
3225;08.03.2010;253;294,27
3226;08.03.2010;277;200,38
3227;08.03.2010;376775;43,70
3228;08.03.2010;246791;30,24
3229;08.03.2010;136891;46,29
3230;08.03.2010;273321;43,66
3231;08.03.2010;396551;127,28
3232;08.03.2010;231319;35,77
3233;08.03.2010;97042;24,16
3234;09.03.2010;254235;230,81
